Rk,Name,Age,Tm,G,PA,Rbat,Rbaser,Rdp,Rfield,Rpos,RAA,WAA,Rrep,RAR,WAR,waaWL%,162WL%,oWAR,dWAR,oRAR,Salary▼,Acquired,Pos Summary,Name-additional
1,Trevor Bauer,30,LAD,14,34,-8,0,0,0,6,-2,-0.3,0,-2,-0.3,.482,.498,-0.3,0.0,-2,$40000000,Free Agency,1,bauertr01
2,Mike Trout,29,LAA,36,146,15,1,0,-4,1,14,1.3,5,19,1.8,.536,.508,2.2,-0.3,22,$37116667,Amateur Draft,8,troutmi01
3,Gerrit Cole,30,NYY,0,0,0,0,0,0,0,0,,0,0,,,,,,0,$36000000,Free Agency,1,colege01
4,Jacob deGrom*,33,NYM,15,33,0,0,0,0,5,6,0.6,0,6,0.6,.542,.504,0.6,0.0,6,$35500000,Amateur Draft,1,degroja01
5,Nolan Arenado,30,STL,157,653,14,0,-3,6,3,21,1.9,22,43,4.1,.513,.513,3.6,0.9,37,$35000000,Traded,*5/D,arenano01
6,Zack Greinke,37,HOU,1,2,-1,0,0,0,0,0,0.0,0,0,0.0,.477,.500,0.0,0.0,0,$35000000,Traded,1,greinza01
7,Stephen Strasburg,32,WSN,5,7,0,0,0,0,1,1,0.1,0,1,0.1,.523,.501,0.1,0.0,1,$35000000,Free Agency,/1,strasst01
8,Max Scherzer,36,2TM,28,63,-17,0,0,0,10,-7,-0.7,0,-7,-0.7,.475,.498,-0.7,0.0,-7,$34503480,Traded,1,scherma01
9,Manny Machado,28,SDP,153,640,21,1,0,6,3,30,2.9,22,52,5.0,.520,.519,4.5,0.8,46,$32000000,Free Agency,*5/HD,machama01
10,David Price*,35,LAD,37,18,-1,0,0,0,3,2,0.2,0,2,0.2,.505,.501,0.2,0.0,2,$32000000,Traded,1,priceda01
11,Clayton Kershaw*,33,LAD,21,39,-3,-1,0,0,6,2,0.2,0,2,0.2,.511,.501,0.2,0.0,2,$31000000,Amateur Draft,1/H,kershcl01
12,Miguel Cabrera,38,DET,130,526,-2,-3,-4,-4,-10,-23,-2.3,18,-5,-0.5,.482,.485,-0.1,-1.3,-1,$30000000,Traded,D3/H,cabremi01
13,Albert Pujols,41,2TM,109,296,-6,0,-2,-4,-3,-16,-1.6,10,-5,-0.6,.485,.496,-0.2,-0.8,-1,$30000000,Free Agency,3/DH5,pujolal01
14,Chris Sale*,32,BOS,1,1,0,0,0,0,0,0,0.0,0,0,0.0,.488,.500,0.0,0.0,0,$30000000,Traded,/1,salech01
15,Jose Altuve,31,HOU,146,678,22,-1,1,-3,4,23,2.4,21,44,4.4,.515,.514,4.7,0.2,47,$29000000,Amateur Free Agent,*4/HD,altuvjo01
16,Giancarlo Stanton,31,NYY,139,579,27,-2,-4,0,-11,10,1.2,20,30,3.1,.507,.506,3.1,-1.0,30,$29000000,Traded,D97/H,stantmi03
17,Anthony Rendon,31,LAA,58,249,-1,0,-2,-6,1,-9,-0.8,8,0,0.0,.485,.495,0.6,-0.5,6,$28071428,Free Agency,5/D,rendoan01
18,Bryce Harper*,28,PHI,141,599,53,-1,-1,-6,-5,40,3.8,20,60,5.9,.528,.525,6.5,-1.3,66,$27538462,Free Agency,*9/D3,harpebr03
19,Paul Goldschmidt,33,STL,158,679,38,3,-2,9,-9,40,3.9,23,63,6.1,.526,.525,5.3,-0.1,54,$26000000,Traded,*3/DH,goldspa01
20,Joey Votto*,37,CIN,129,533,23,-2,0,4,-7,18,1.7,18,36,3.5,.514,.511,3.2,-0.4,32,$25000000,Amateur Draft,*3/DH,vottojo01
21,Patrick Corbin*,31,WSN,28,63,-9,0,0,0,10,1,0.1,0,1,0.1,.504,.501,0.1,0.0,1,$24416667,Free Agency,1,corbipa01
22,George Springer,31,TOR,78,342,17,-1,-1,-1,-3,12,1.3,11,23,2.4,.515,.507,2.4,-0.3,24,$23666667,Free Agency,8D/9,springe01
23,Justin Upton,33,LAA,89,362,-5,0,-1,-11,-3,-20,-1.9,12,-7,-0.7,.478,.488,0.4,-1.4,4,$23000000,Traded,7/8DH,uptonju01
24,Mookie Betts,28,LAD,122,550,23,0,0,5,-3,25,2.4,18,43,4.2,.521,.516,3.7,0.2,38,$22916667,Traded,*98/4H,bettsmo01
25,Wil Myers,30,SDP,146,500,7,0,-1,-8,-5,-7,-0.9,17,10,0.8,.495,.496,1.7,-1.4,18,$22500000,Traded,*9H7/D,myerswi01
26,Zack Wheeler*,31,PHI,32,73,-10,0,0,0,12,1,0.1,0,2,0.1,.505,.501,0.1,0.0,1,$22500000,Free Agency,1/H,wheelza01
27,Francisco Lindor#,27,NYM,125,524,1,1,2,4,6,14,1.3,18,32,3.1,.512,.509,2.7,1.0,28,$22300000,Traded,*6/H,lindofr01
28,Buster Posey,34,SFG,113,454,22,-1,-2,-6,7,20,1.9,16,36,3.5,.518,.513,4.1,0.0,42,$22177778,Amateur Draft,2H/D,poseybu01
29,Freddie Freeman*,31,ATL,159,695,30,1,1,2,-8,25,2.4,23,48,4.7,.516,.516,4.5,-0.7,46,$22000000,Amateur Draft,*3,freemfr01
30,Johnny Cueto,35,SFG,21,37,-6,0,0,0,6,0,0.0,0,0,0.0,.500,.500,0.0,0.0,0,$21833334,Free Agency,1,cuetojo01
31,Josh Donaldson,35,MIN,135,543,17,0,-4,1,-1,13,1.4,19,31,3.2,.509,.508,3.1,0.1,30,$21750000,Free Agency,5D/H,donaljo02
32,Charlie Blackmon*,34,COL,150,582,-3,0,2,-2,-5,-8,-1.0,20,12,1.0,.495,.495,1.3,-0.8,14,$21500000,Amateur Draft,*9H/D,blackch02
33,Jason Heyward*,31,CHC,104,353,-11,2,1,4,-3,-7,-0.8,12,5,0.4,.493,.496,0.0,0.0,1,$21000000,Free Agency,9/H,heywaja01
34,Eric Hosmer*,31,SDP,151,565,4,-1,0,-4,-7,-8,-1.0,19,12,1.0,.495,.495,1.4,-1.2,16,$21000000,Free Agency,*3H/D,hosmeer01
35,Xander Bogaerts,28,BOS,144,603,23,3,0,-5,7,28,2.9,21,48,4.9,.519,.517,5.4,0.3,53,$20000000,Amateur Free Agent,*6/DH,bogaexa01
36,Kenley Jansen#,33,LAD,66,1,0,0,0,0,0,0,0.0,0,0,0.0,.500,.500,0.0,0.0,0,$20000000,Free Agency,1,janseke01
37,Andrew McCutchen,34,PHI,144,574,6,2,0,-7,-5,-4,-0.6,20,15,1.4,.497,.497,2.1,-1.3,22,$20000000,Free Agency,*7H/D,mccutan01
38,J.T. Realmuto,30,PHI,134,537,7,5,0,-1,7,18,1.7,18,36,3.5,.514,.511,3.7,0.5,37,$20000000,Free Agency,*23/HD,realmjt01
39,Hyun Jin Ryu,34,TOR,2,4,-1,0,0,0,1,0,-0.1,0,0,-0.1,.477,.500,-0.1,0.0,0,$20000000,Free Agency,1,ryuhy01
40,Kris Bryant,29,2TM,144,586,18,3,0,-5,-3,14,1.3,20,34,3.3,.510,.505,3.8,-0.9,39,$19500000,Amateur Draft,57983/H6,bryankr01
41,J.D. Martinez,33,BOS,148,634,20,0,-2,2,-12,8,0.9,21,29,3.0,.505,.505,2.8,-0.9,27,$19350000,Free Agency,*D7/9,martijd02
42,Madison Bumgarner,31,ARI,25,52,-5,-1,0,0,8,3,0.3,0,3,0.3,.510,.502,0.3,0.0,3,$19000000,Free Agency,1/H,bumgama01
43,Kevin Gausman*,30,SFG,31,62,-8,-1,0,0,10,2,0.2,0,2,0.2,.506,.501,0.2,0.0,2,$18900000,Free Agency,1/H,gausmke01
44,Marcus Stroman,30,NYM,30,58,-7,0,0,0,9,3,0.3,0,3,0.3,.510,.502,0.3,0.0,3,$18900000,Free Agency,1,stromma01
45,Evan Longoria,35,SFG,81,291,10,-1,-2,-1,1,8,0.8,10,18,1.8,.511,.505,1.9,0.0,19,$18666666,Traded,5/H,longoev01
46,Matt Carpenter*,35,STL,130,249,-8,-1,0,-9,0,-18,-1.9,9,-9,-1.1,.486,.489,-0.1,-1.0,0,$18500000,Amateur Draft,H43/5D1,carpema01
47,Kyle Seager*,33,SEA,159,670,-2,-2,1,-3,2,-4,-0.3,23,19,2.0,.497,.497,2.2,0.0,22,$18500000,Amateur Draft,*5D/H,seageky01
48,Trevor Story,28,COL,142,595,3,3,1,9,7,23,2.2,20,43,4.2,.517,.514,3.4,1.6,34,$18500000,Amateur Draft,*6/HD,storytr01
49,Yasmani Grandal#,32,CHW,93,375,27,-2,-3,-2,4,24,2.5,13,37,3.7,.526,.515,3.9,0.3,39,$18250000,Free Agency,2/D3H,grandya01
50,Dallas Keuchel*,33,CHW,1,2,-1,0,0,0,0,0,0.0,0,0,0.0,.477,.500,0.0,0.0,0,$18000000,Free Agency,1,keuchda01
51,AJ Pollock,33,LAD,117,422,18,0,1,2,-4,17,1.6,14,32,3.1,.515,.511,2.9,-0.2,30,$18000000,Free Agency,7H/8,polloaj01
52,Marcus Semien,30,TOR,162,724,26,4,2,12,5,49,5.0,23,72,7.3,.530,.530,6.0,1.8,60,$18000000,Free Agency,*46/D,semiema01
53,José Abreu,34,CHW,152,659,20,1,-3,-1,-9,7,0.9,22,29,3.0,.505,.505,3.1,-0.9,30,$17666666,Free Agency,*3D/5,abreujo02
54,Brandon Belt*,33,SFG,97,381,26,-2,-1,-4,-5,15,1.4,13,28,2.7,.515,.509,3.1,-0.9,32,$17200000,Free Agency,3H,beltbr01
55,Lorenzo Cain,35,MIL,78,286,1,3,1,6,2,13,1.3,10,23,2.2,.517,.508,1.6,0.8,17,$17000000,Free Agency,8/H,cainlo01
56,Nathan Eovaldi,31,BOS,1,3,0,0,0,0,0,0,0.0,0,0,0.0,.541,.500,0.0,0.0,0,$17000000,Traded,1,eovalna01
57,Yusei Kikuchi*,30,SEA,1,2,-1,0,0,0,0,0,0.0,0,0,0.0,.479,.500,0.0,0.0,0,$17000000,Free Agency,1,kikucyu01
58,Miles Mikolas,32,STL,9,15,-3,0,0,0,2,-1,-0.1,0,-1,-0.1,.494,.500,-0.1,0.0,-1,$17000000,Free Agency,/1,mikolmi01
59,Khris Davis,33,2TM,42,114,-4,0,0,0,-3,-7,-0.7,4,-3,-0.4,.482,.498,-0.4,-0.3,-3,$16750000,Free Agency,DH/7,daviskh01
60,Dexter Fowler#,35,LAA,7,21,-1,0,0,-1,0,-3,-0.3,1,-2,-0.2,.464,.498,-0.1,-0.1,-1,$16500000,Traded,/9,fowlede01
61,Anthony Rizzo*,31,2TM,141,576,11,1,0,-6,-7,-2,-0.3,20,18,1.7,.499,.500,2.3,-1.4,24,$16500000,Traded,3/41,rizzoan01
62,Cody Bellinger*,25,LAD,95,350,-26,1,1,-3,1,-25,-2.7,12,-13,-1.5,.472,.484,-1.2,-0.2,-10,$16100000,Amateur Draft,8/H93,bellico01
63,Michael Brantley*,34,HOU,121,508,13,-1,0,1,-6,7,0.8,17,24,2.5,.506,.504,2.4,-0.5,23,$16000000,Free Agency,7D/9H,brantmi02
64,Aroldis Chapman*,33,NYY,7,0,0,0,0,0,0,0,0.0,0,0,0.0,.500,.500,0.0,0.0,0,$16000000,Free Agency,1,chapmar01
65,Craig Kimbrel,33,2TM,39,1,0,0,0,0,0,0,0.0,0,0,0.0,.500,.500,0.0,0.0,0,$16000000,Free Agency,1,kimbrcr01
66,Danny Duffy*,32,KCR,0,0,0,0,0,0,0,0,,0,0,,,,,,0,$15500000,Amateur Draft,1,duffyda01
67,Brandon Crawford*,34,SFG,138,549,27,2,1,6,7,43,4.2,19,62,6.1,.532,.527,5.5,1.3,56,$15200000,Amateur Draft,*6/H,crawfbr01
68,Alex Cobb,33,LAA,1,1,0,0,0,0,0,0,0.0,0,0,0.0,.489,.500,0.0,0.0,0,$15000000,Traded,1,cobbal01
69,DJ LeMahieu,32,NYY,150,679,-2,-1,-2,-3,0,-8,-0.6,22,14,1.5,.495,.495,1.7,-0.2,17,$15000000,Free Agency,435/HD,lemahdj01
70,Charlie Morton,37,ATL,31,62,-11,0,0,0,10,-2,-0.2,0,-2,-0.2,.495,.499,-0.2,0.0,-2,$15000000,Free Agency,1/H,mortoch02
71,Jean Segura,31,PHI,131,567,10,2,-1,5,4,20,1.9,19,39,3.7,.515,.512,3.3,0.8,34,$14850000,Traded,*4/H6,segurje01
72,Elvis Andrus,32,OAK,146,541,-14,5,-1,-10,7,-13,-1.2,18,5,0.6,.491,.492,1.6,-0.2,15,$14250000,Traded,*6/H,andruel01
73,Salvador Perez,31,KCR,161,665,21,-2,0,6,5,29,3.1,23,52,5.3,.518,.518,4.6,1.2,46,$14200000,Amateur Free Agent,*2D/H,perezsa02
74,Nick Castellanos,29,CIN,138,585,26,2,-1,-7,-5,14,1.3,20,34,3.2,.510,.509,4.0,-1.3,41,$14000000,Free Agency,*9/DH,casteni01
75,Kyle Hendricks,31,CHC,30,61,-10,0,0,0,10,0,-0.1,0,0,-0.1,.499,.500,-0.1,0.0,0,$14000000,Traded,1,hendrky01
76,Mike Moustakas*,32,CIN,62,206,-10,-1,-1,-4,0,-16,-1.7,7,-9,-1.0,.474,.490,-0.6,-0.4,-5,$14000000,Free Agency,5H3/4,moustmi01
77,Christian Yelich*,29,MIL,117,475,0,1,2,-1,-4,-3,-0.4,16,13,1.2,.498,.498,1.3,-0.6,14,$14000000,Traded,7H/D9,yelicch01
78,Corey Seager*,27,LAD,95,409,22,-2,-1,0,5,24,2.3,14,38,3.7,.526,.515,3.7,0.5,38,$13750000,Amateur Draft,6/H,seageco01
79,Jackie Bradley Jr.*,31,MIL,134,428,-34,2,1,12,1,-19,-2.1,15,-4,-0.7,.485,.488,-1.9,1.3,-16,$13000000,Free Agency,*8H97,bradlja02
80,Alex Bregman,27,HOU,91,400,6,-1,-2,2,2,8,0.8,13,21,2.1,.508,.505,1.9,0.5,19,$13000000,Amateur Draft,5/H,bregmal01
81,Zack Britton*,33,NYY,3,0,0,0,0,0,0,0,0.0,0,0,0.0,.500,.500,0.0,0.0,0,$13000000,Free Agency,1,brittza01
82,Nelson Cruz,40,2TM,140,584,19,0,-2,0,-12,5,0.6,20,25,2.5,.503,.502,2.5,-1.2,25,$13000000,Free Agency,*D/H3,cruzne02
83,Will Smith,31,ATL,66,0,0,0,0,0,0,0,0.0,0,0,0.0,.500,.500,0.0,0.0,0,$13000000,Free Agency,1,smithwi04
84,Trea Turner,28,2TM,148,646,34,3,-2,4,6,45,4.4,21,66,6.5,.531,.515,6.1,1.0,62,$13000000,Traded,64/H,turnetr01
85,Didi Gregorius*,31,PHI,103,408,-17,1,1,-10,5,-20,-2.2,14,-6,-0.8,.480,.487,0.3,-0.6,4,$12750000,Free Agency,6/H,gregodi01
86,Starling Marte,32,2TM,120,526,23,8,1,-4,3,31,3.0,17,48,4.7,.525,.510,5.1,-0.1,52,$12500000,Traded,8/H,martest01
87,Rougned Odor*,27,NYY,102,361,-9,0,0,-3,3,-9,-0.9,12,3,0.3,.491,.494,0.6,0.0,6,$12333333,Traded,45/H,odorro01
88,Michael Conforto*,28,NYM,125,479,2,0,0,-4,-4,-6,-0.8,16,10,0.8,.495,.496,1.3,-0.9,14,$12250000,Amateur Draft,*9H/D,confomi01
89,Aaron Nola,28,PHI,31,63,-7,0,0,0,10,4,0.3,0,4,0.3,.511,.502,0.4,0.0,4,$12250000,Amateur Draft,1/H,nolaaa01
90,Andrew Miller*,36,STL,37,0,0,0,0,0,0,0,0.0,0,0,0.0,.500,.500,0.0,0.0,0,$12000000,Free Agency,1,millean01
91,Marcell Ozuna,30,ATL,48,208,-9,-1,0,4,-2,-8,-0.9,7,-1,-0.2,.483,.495,-0.6,0.2,-5,$12000000,Free Agency,7,ozunama01
92,Tanner Roark,34,TOR,0,0,0,0,0,0,0,0,,0,0,,,,,,0,$12000000,Free Agency,/1,roarkta01
93,Justin Turner,36,LAD,151,612,20,-2,-1,-2,3,18,1.6,21,39,3.7,.512,.511,4.0,0.0,41,$12000000,Free Agency,*5H/D1,turneju01
94,Carlos Correa,26,HOU,148,640,25,-2,-1,20,8,50,5.2,21,71,7.2,.534,.531,5.2,2.9,51,$11700000,Amateur Draft,*6,correca01
95,Carlos Martinez,29,STL,16,25,-5,0,0,0,4,-1,-0.1,0,-1,-0.1,.495,.500,-0.1,0.0,-1,$11700000,Free Agency,1,martica04
96,Jeurys Familia,31,NYM,60,0,0,0,0,0,0,0,0.0,0,0,0.0,.500,.500,0.0,0.0,0,$11666667,Free Agency,1,familje01
97,Javier Baez,28,2TM,138,547,13,3,0,6,6,28,2.7,19,47,4.5,.521,.509,4.0,1.2,40,$11600000,Amateur Draft,64/H,baezja01
98,Gregory Polanco*,29,PIT,107,382,-16,2,0,-8,-3,-24,-2.6,13,-11,-1.3,.477,.485,-0.4,-1.2,-3,$11600000,Amateur Free Agent,9H,polangr01
99,Liam Hendriks,32,CHW,6,0,0,0,0,0,0,0,0.0,0,0,0.0,.500,.500,0.0,0.0,0,$11333333,Free Agency,1,hendrli01
100,Kevin Kiermaier*,31,TBR,122,390,2,0,2,13,2,20,2.1,13,33,3.4,.517,.513,2.1,1.6,20,$11166666,Amateur Draft,*8/HD,kiermke01
101,Corey Kluber,35,NYY,1,2,-1,0,0,0,0,0,0.0,0,0,0.0,.477,.500,0.0,0.0,0,$11000000,Free Agency,1,klubeco01
102,Miguel Sano,28,MIN,135,532,10,-2,-2,-8,-7,-9,-0.8,18,9,1.0,.493,.494,1.7,-1.5,17,$11000000,Amateur Free Agent,*3D/5H,sanomi01
103,Drew Smyly*,32,ATL,29,43,-10,0,0,0,6,-4,-0.4,0,-4,-0.4,.487,.498,-0.4,0.0,-4,$11000000,Free Agency,1/H,smylydr01
104,Aaron Hicks#,31,NYY,32,126,-5,1,0,-4,1,-7,-0.7,4,-3,-0.3,.477,.495,0.1,-0.3,1,$10785714,Traded,8/H,hicksaa01
105,Eugenio Suarez,29,CIN,145,574,-17,-3,0,-9,4,-24,-2.6,20,-5,-0.7,.483,.485,0.3,-0.6,4,$10785714,Traded,56H,suareeu01
106,Avisail Garcia,30,MIL,135,515,11,-2,0,8,-4,13,1.2,18,30,2.9,.510,.508,2.1,0.3,22,$10750000,Free Agency,*9H/8,garciav01
107,Luis Severino,27,NYY,0,0,0,0,0,0,0,0,,0,0,,,,,,0,$10750000,Amateur Free Agent,/1,severlu01
108,Brad Hand*,31,3TM,51,0,0,0,0,0,0,0,0.0,0,0,0.0,.500,.500,0.0,0.0,0,$10500000,Waivers,1,handbr01
109,Andrelton Simmons,31,MIN,131,451,-25,2,0,15,7,-1,0.0,15,14,1.5,.499,.499,-0.1,2.3,-1,$10500000,Free Agency,*6/H,simmoan01
110,Odubel Herrera*,29,PHI,124,492,-1,0,1,1,2,2,0.1,17,19,1.8,.502,.501,1.7,0.2,18,$10350000,Rule 5 Draft,*87/H9,herreod01
111,Randal Grichuk,29,TOR,149,545,-10,-2,-1,4,-2,-11,-1.0,19,8,0.8,.492,.493,0.4,0.3,4,$10333333,Traded,*89D/H,grichra01
112,Aaron Judge,29,NYY,148,633,37,-2,-1,10,-6,38,4.0,21,60,6.0,.526,.524,5.0,0.5,50,$10175000,Amateur Draft,*98D/H,judgeaa01
113,Sonny Gray,31,CIN,24,43,-7,0,0,0,7,-1,-0.1,0,-1,-0.1,.497,.500,-0.1,0.0,-1,$10166667,Traded,1,grayso01
114,Michael Pineda,32,MIN,2,3,-1,0,0,0,0,-1,-0.1,0,-1,-0.1,.461,.500,-0.1,0.0,-1,$10000000,Free Agency,1,pinedmi01
115,Taijuan Walker#,28,NYM,28,51,-9,0,0,0,8,-1,-0.1,0,-1,-0.1,.498,.500,-0.1,0.0,0,$10000000,Free Agency,1/H,walketa01
116,Noah Syndergaard*,28,NYM,2,0,0,0,0,0,0,0,0.0,0,0,0.0,.500,.500,0.0,0.0,0,$9700000,Traded,/1,syndeno01
117,Kyle Gibson,33,2TM,13,30,-4,0,0,0,5,1,0.1,0,1,0.1,.508,.501,0.1,0.0,1,$9666666,Traded,1,gibsoky01
118,Jose Ramirez#,28,CLE,152,636,27,7,0,10,1,45,4.6,22,67,6.7,.530,.528,5.7,1.2,57,$9400000,Amateur Free Agent,*5D/H,ramirjo01
119,Yadier Molina,38,STL,121,473,-8,-2,-3,8,8,3,0.2,16,19,1.8,.502,.502,1.0,1.5,11,$9000000,Free Agency,*2/H3,molinya01
120,Max Muncy*,30,LAD,144,592,27,-1,2,8,-6,30,2.9,20,51,4.9,.521,.519,4.2,0.2,43,$9000000,Free Agency,*34/5HD,muncyma01
121,Jake Odorizzi,31,HOU,1,1,0,0,0,0,0,0,0.0,0,0,0.0,.489,.500,0.0,0.0,0,$9000000,Free Agency,1,odorija01
122,Tommy Pham,33,SDP,155,561,5,0,1,-5,-4,-3,-0.5,19,16,1.4,.498,.498,2.0,-1.0,21,$8900000,Traded,*7H8/D9,phamth01
123,Joe Kelly,33,LAD,46,3,-1,0,0,0,0,0,0.0,0,0,0.0,.499,.500,0.0,0.0,0,$8833334,Free Agency,1,kellyjo05
124,Corey Dickerson*,32,2TM,109,365,-3,-2,0,0,-3,-9,-1.0,12,4,0.3,.492,.497,0.3,-0.3,4,$8750000,Free Agency,7H,dickeco01
125,Ryan Pressly,32,HOU,2,0,0,0,0,0,0,0,0.0,0,0,0.0,.500,.500,0.0,0.0,0,$8750000,Traded,1,pressry01
126,Ender Inciarte*,30,ATL,52,89,-6,0,0,1,0,-4,-0.4,3,-1,-0.1,.493,.498,-0.2,0.1,-2,$8700000,Traded,8H/7,inciaen01
127,Zach Davies,28,CHC,31,44,-6,0,0,0,7,0,0.0,0,1,0.0,.502,.500,0.0,0.0,0,$8630000,Traded,1/H,davieza02
128,James Paxton*,32,SEA,0,0,0,0,0,0,0,0,,0,0,,,,,,0,$8500000,Free Agency,/1,paxtoja01
129,Garrett Richards,33,BOS,4,5,0,0,0,0,1,1,0.1,0,1,0.1,.513,.500,0.1,0.0,1,$8500000,Free Agency,1,richaga01
130,Juan Soto*,22,WSN,151,654,57,-3,-1,4,-5,51,5.0,22,73,7.1,.534,.532,6.8,-0.2,69,$8500000,Amateur Free Agent,*9/HD,sotoju01
131,Dylan Bundy#,28,LAA,3,4,0,0,0,0,1,0,0.0,0,0,0.0,.509,.500,0.0,0.0,0,$8325000,Traded,1/H,bundydy01
132,Eduardo Rodriguez*,28,BOS,4,6,-2,0,0,0,1,-1,-0.1,0,-1,-0.1,.476,.499,-0.1,0.0,-1,$8300000,Traded,1,rodried05
133,James McCann,31,NYM,121,412,-13,-3,-1,-4,6,-15,-1.6,14,-1,-0.2,.488,.491,0.2,0.2,3,$8150000,Free Agency,2H/3D,mccanja02
134,Jorge Soler,29,2TM,149,602,0,-2,-1,-11,-8,-22,-2.3,20,-2,-0.3,.485,.491,0.8,-1.9,9,$8050000,Traded,9/DH,solerjo01
135,Kole Calhoun*,33,ARI,51,182,-4,0,0,0,-2,-6,-0.7,6,0,-0.1,.487,.496,-0.1,-0.2,0,$8000000,Free Agency,9H/D,calhoko01
136,Travis d'Arnaud,32,ATL,60,229,-9,0,-1,1,4,-5,-0.6,8,3,0.2,.491,.497,0.1,0.4,2,$8000000,Free Agency,2/HD,darnatr01
137,J.A. Happ*,38,2TM,10,15,-3,0,0,0,2,-1,-0.1,0,-1,-0.1,.490,.499,-0.1,0.0,-1,$8000000,Free Agency,1,happja01
138,Will Harris,36,WSN,7,0,0,0,0,0,0,0,0.0,0,0,0.0,.500,.500,0.0,0.0,0,$8000000,Free Agency,/1,harriwi10
139,Jordan Lyles,30,TEX,3,6,-2,0,0,0,1,-1,-0.1,0,-1,-0.1,.477,.500,-0.1,0.0,-1,$8000000,Free Agency,1,lylesjo01
140,Wade Miley*,34,CIN,28,59,-7,0,0,0,9,3,0.3,0,3,0.3,.511,.502,0.3,0.0,3,$8000000,Free Agency,1/H,mileywa01
141,Drew Pomeranz,32,SDP,25,0,0,0,0,0,0,0,0.0,0,0,0.0,.500,.500,0.0,0.0,0,$8000000,Free Agency,1,pomerdr01
142,Jose Quintana,32,2TM,7,2,1,0,0,0,0,1,0.1,0,1,0.1,.516,.500,0.1,0.0,1,$8000000,Free Agency,1,quintjo01
143,Robbie Ray*,29,TOR,2,5,-1,0,0,0,1,-1,-0.1,0,-1,-0.1,.472,.500,-0.1,0.0,-1,$8000000,Traded,1,rayro02
144,Eddie Rosario*,29,2TM,111,412,-2,0,1,2,-4,-3,-0.3,14,11,1.1,.497,.498,0.9,-0.2,9,$8000000,Traded,7/H9,rosared01
145,Blake Treinen,33,LAD,70,0,0,0,0,0,0,0,0.0,0,0,0.0,.500,.500,0.0,0.0,0,$8000000,Free Agency,1,treinbl01
146,Adam Wainwright,39,STL,33,74,-9,0,0,0,11,2,0.2,0,2,0.2,.506,.501,0.2,0.0,2,$8000000,Free Agency,1/H,wainwad01
147,Nick Ahmed,31,ARI,129,473,-19,1,0,4,6,-8,-0.9,16,8,0.7,.494,.495,0.3,1.0,4,$7875000,Traded,*6/H,ahmedni01
148,German Marquez,26,COL,29,60,-2,-1,0,0,10,8,0.8,0,8,0.8,.526,.505,0.8,0.0,8,$7800000,Traded,1,marquge01
149,Chris Taylor,30,LAD,148,582,7,3,1,-5,2,8,0.6,20,28,2.6,.505,.505,3.2,-0.4,33,$7800000,Free Agency,84765/H9,tayloch03
150,Trevor May,31,NYM,66,0,0,0,0,0,0,0,0.0,0,0,0.0,.500,.500,0.0,0.0,0,$7750000,Free Agency,1,maytr01
151,Eduardo Escobar#,32,2TM,146,599,7,0,2,-5,2,5,0.4,20,26,2.4,.504,.503,3.0,-0.4,31,$7666667,Traded,543/H6,escobed01
152,Stephen Piscotty,30,OAK,72,188,-5,0,0,-6,-3,-13,-1.3,6,-7,-0.7,.482,.492,-0.1,-0.8,-1,$7583334,Traded,9H/D,piscost01
153,David Peralta*,33,ARI,150,538,-4,2,1,0,-5,-6,-0.7,18,13,1.1,.496,.496,1.1,-0.6,13,$7500000,Free Agency,*7H/D1,peralda01
154,Kolten Wong*,30,MIL,116,492,6,1,1,6,3,17,1.6,17,34,3.3,.515,.511,2.7,0.9,28,$7500000,Free Agency,*4/H,wongko01
155,Tim Anderson,28,CHW,123,551,16,3,1,3,6,30,3.1,18,48,4.8,.524,.518,4.5,1.0,45,$7250000,Amateur Draft,*6,anderti01
156,Shogo Akiyama*,33,CIN,88,183,-14,-1,2,-4,0,-16,-1.7,6,-10,-1.1,.481,.490,-0.7,-0.4,-6,$7000000,Free Agency,8H/79,akiyash01
157,Starlin Castro,31,WSN,87,346,-1,-3,-1,2,2,0,-0.1,12,12,1.1,.500,.500,0.9,0.3,10,$7000000,Free Agency,5/H6,castrst01
158,Edwin Díaz,27,NYM,62,0,0,0,0,0,0,0,0.0,0,0,0.0,.500,.500,0.0,0.0,0,$7000000,Traded,1,diazed04
159,Adam Eaton*,32,2TM,83,288,-13,1,0,-2,-3,-17,-1.6,10,-7,-0.7,.480,.495,-0.5,-0.4,-5,$7000000,Free Agency,9H/731,eatonad02
160,Chris Martin,35,ATL,45,0,0,0,0,0,0,0,0.0,0,0,0.0,.500,.500,0.0,0.0,0,$7000000,Traded,1,martich02
161,Mike Minor,33,KCR,3,7,-2,0,0,0,1,-1,-0.1,0,-1,-0.1,.472,.499,-0.1,0.0,-1,$7000000,Free Agency,1,minormi01
162,Carlos Santana#,35,KCR,158,659,-16,-1,0,1,-9,-25,-2.4,23,-2,-0.2,.484,.484,-0.4,-0.7,-3,$7000000,Free Agency,*3D/H,santaca01
163,Kyle Schwarber*,28,2TM,113,471,31,-3,1,-8,-5,16,1.6,16,32,3.2,.514,.505,4.0,-1.3,40,$7000000,Traded,7D3/H,schwaky01
164,Yoshi Tsutsugo*,29,3TM,81,262,-4,-1,0,-5,-4,-14,-1.5,9,-5,-0.6,.482,.497,-0.1,-0.9,0,$7000000,Traded,93H7/D,tsutsyo01
165,Mark Canha,32,OAK,141,625,17,3,1,-11,-5,4,0.6,20,25,2.5,.503,.503,3.6,-1.6,36,$6920000,Traded,*798/D3H,canhama01
166,Yoan Moncada#,26,CHW,144,616,13,0,1,3,2,19,2.0,21,40,4.0,.513,.512,3.7,0.7,37,$6800000,Traded,*5/D,moncayo01
167,Andrew Heaney*,30,2TM,3,4,0,0,0,0,1,1,0.1,0,1,0.1,.533,.500,0.1,0.0,1,$6750000,Traded,1,heanean01
168,Whit Merrifield,32,KCR,162,720,-10,7,-1,12,3,12,1.4,23,35,3.6,.507,.507,2.4,1.7,23,$6750000,Amateur Draft,*49/D7,merriwh01
169,Josh Hader*,27,MIL,57,0,0,0,0,0,0,0,0.0,0,0,0.0,.500,.500,0.0,0.0,0,$6675000,Traded,1,haderjo01
170,Willson Contreras,29,CHC,128,483,8,-2,0,11,7,25,2.4,17,41,4.1,.520,.516,3.0,1.8,30,$6650000,Amateur Free Agent,*2H/57,contrwi01
171,Andrew Benintendi*,26,KCR,134,538,3,-3,3,7,-5,5,0.6,18,24,2.4,.504,.503,1.7,0.3,16,$6600000,Traded,*7/H,beninan01
172,Chris Archer,32,TBR,1,0,0,0,0,0,0,0,0.0,0,0,0.0,.500,.500,0.0,0.0,0,$6500000,Free Agency,/1,archech01
173,Matthew Boyd*,30,DET,2,5,0,0,0,0,1,1,0.1,0,1,0.1,.555,.501,0.1,0.0,1,$6500000,Traded,1,boydma01
174,Yuli Gurriel,37,HOU,143,605,21,-1,-1,5,-8,16,1.7,21,37,3.7,.511,.510,3.2,-0.2,31,$6500000,Amateur Free Agent,*3/5D,gourryu01
175,Max Kepler*,28,MIN,121,490,-2,3,2,4,-4,3,0.5,17,20,2.1,.503,.502,1.7,0.1,16,$6500000,Amateur Free Agent,*98/HD,keplema01
176,Lance McCullers Jr.*,27,HOU,3,4,-1,0,0,0,1,-1,-0.1,0,-1,-0.1,.479,.500,-0.1,0.0,-1,$6500000,Amateur Draft,1/H,mcculla02
177,Matt Chapman,28,OAK,151,622,-1,1,1,9,3,13,1.5,21,34,3.5,.509,.508,2.6,1.3,25,$6490000,Amateur Draft,*5/6H,chapmma01
178,Ketel Marte#,27,ARI,90,374,19,0,0,-15,2,6,0.5,13,19,1.8,.507,.504,3.4,-1.3,34,$6400000,Traded,84/H,marteke01
179,Josh Bell#,28,WSN,144,568,23,-2,-2,1,-7,13,1.2,19,32,3.1,.509,.508,3.0,-0.7,31,$6350000,Traded,*3H/7D9,belljo02
180,Gary Sanchez,28,NYY,117,440,-2,-2,-3,-9,6,-9,-0.8,15,6,0.7,.493,.495,1.6,-0.2,15,$6350000,Amateur Free Agent,*2H/D,sanchga02
181,Christian Vazquez,30,BOS,138,498,-17,0,-2,4,8,-7,-0.6,17,10,1.0,.495,.495,0.6,1.3,6,$6250000,Amateur Draft,*2/HD453,vazquch01
182,Joey Gallo*,27,2TM,153,616,14,2,1,15,-7,25,2.6,21,46,4.7,.516,.510,3.1,0.9,31,$6200000,Traded,*97D/H,gallojo01
183,Jose Berrios,27,2TM,2,4,-1,0,0,0,1,-1,-0.1,0,-1,-0.1,.465,.500,-0.1,0.0,-1,$6100000,Amateur Draft,1,berrijo01
184,Dellin Betances,33,NYM,1,0,0,0,0,0,0,0,0.0,0,0,0.0,.500,.500,0.0,0.0,0,$6000000,Free Agency,/1,betande01
185,Archie Bradley,28,PHI,49,1,0,0,0,0,0,0,0.0,0,0,0.0,.500,.500,0.0,0.0,0,$6000000,Free Agency,1,bradlar01
186,Anthony DeSclafani,31,SFG,33,62,-11,0,0,0,9,-2,-0.2,0,-2,-0.2,.494,.499,-0.2,0.0,-2,$6000000,Free Agency,1/H,desclan01
187,Yan Gomes,33,2TM,103,375,-1,1,-3,10,5,12,1.2,13,25,2.5,.512,.505,1.4,1.6,15,$6000000,Traded,2/HD,gomesya01
188,Jon Gray,29,COL,30,50,-10,-1,0,0,8,-3,-0.3,0,-3,-0.3,.489,.498,-0.3,0.0,-3,$6000000,Amateur Draft,1/H,grayjo02
189,Enrique Hernandez,29,BOS,134,585,6,3,0,16,4,28,3.0,19,48,4.9,.521,.518,3.2,2.1,32,$6000000,Free Agency,84/6H,hernaen02
190,Daniel Hudson,34,2TM,48,0,0,0,0,0,0,0,0.0,0,0,0.0,.500,.500,0.0,0.0,0,$6000000,Traded,1,hudsoda01
191,Taylor Rogers*,30,MIN,2,0,0,0,0,0,0,0,0.0,0,0,0.0,.500,.500,0.0,0.0,0,$6000000,Amateur Draft,1,rogerta01
192,Dansby Swanson,27,ATL,160,653,-3,0,0,-7,8,-2,-0.4,22,21,1.9,.499,.499,2.7,0.0,28,$6000000,Traded,*6/H,swansda01
193,Sean Manaea,29,OAK,2,5,1,0,0,0,1,2,0.2,0,2,0.2,.581,.501,0.2,0.0,2,$5950000,Traded,1,manaese01
194,Roberto Perez,32,CLE,44,161,-9,0,1,-1,3,-7,-0.7,6,-1,-0.1,.485,.496,0.0,0.2,0,$5500000,Amateur Draft,2/3H,perezro02
195,Marco Gonzales*,29,SEA,2,4,-1,0,0,0,1,0,0.0,0,0,0.0,.489,.500,0.0,0.0,0,$5250000,Traded,1,gonzama02
196,Corey Knebel,29,LAD,26,2,-1,0,0,0,0,0,0.0,0,0,0.0,.499,.500,0.0,0.0,0,$5250000,Traded,1,knebeco01
197,Byron Buxton,27,MIN,61,254,21,3,1,10,1,37,3.7,9,46,4.5,.560,.523,3.5,1.2,36,$5125000,Amateur Draft,8/H,buxtoby01
198,Kyle Freeland*,28,COL,23,40,-4,0,0,0,6,2,0.2,0,2,0.2,.508,.501,0.2,0.0,2,$5020000,Amateur Draft,1/H9,freelky01
199,Ronald Acuna Jr.,23,ATL,82,360,23,2,0,2,-3,25,2.4,12,37,3.6,.531,.515,3.4,-0.1,35,$5000000,Amateur Free Agent,9/8H,acunaro01
200,Alex Colome,32,MIN,6,0,0,0,0,0,0,0,0.0,0,0,0.0,.500,.500,0.0,0.0,0,$5000000,Free Agency,1,colomal01
201,Robbie Grossman#,31,DET,156,671,17,0,0,-5,-7,5,0.7,23,28,2.9,.503,.503,3.3,-1.1,33,$5000000,Free Agency,*79/DH,grossro01
202,Cesar Hernandez#,31,2TM,149,637,-9,-1,0,-11,3,-17,-1.6,21,4,0.5,.488,.496,1.5,-0.7,15,$5000000,Traded,*4/D6,hernace02
203,Hector Neris,32,PHI,70,1,0,0,0,0,0,0,0.0,0,0,0.0,.500,.500,0.0,0.0,0,$5000000,Amateur Free Agent,1,nerishe01
204,Matt Olson*,27,OAK,156,673,38,2,-2,6,-9,35,3.6,23,57,5.8,.522,.521,5.2,-0.2,51,$5000000,Amateur Draft,*3/D,olsonma02
205,Miguel Rojas,32,MIA,132,539,-4,2,0,5,7,9,0.8,18,27,2.6,.507,.506,2.1,1.1,22,$5000000,Traded,*6/H,rojasmi02
206,Chris Bassitt,32,OAK,1,2,-1,0,0,0,0,0,0.0,0,0,0.0,.479,.500,0.0,0.0,0,$4900000,Traded,1,bassich01
207,Rhys Hoskins,28,PHI,107,443,19,-1,0,-7,-5,6,0.5,15,21,2.0,.505,.504,2.7,-1.3,28,$4800000,Amateur Draft,3/HD,hoskirh01
208,Pedro Baez,33,HOU,0,0,0,0,0,0,0,0,,0,0,,,,,,0,$4750000,Free Agency,/1,baezpe01
209,Trey Mancini,29,BAL,147,616,1,-1,-3,-1,-11,-14,-1.3,21,8,0.8,.491,.491,0.9,-1.1,8,$4750000,Amateur Draft,3D/H,mancitr01
210,Brandon Nimmo*,28,NYM,92,386,17,-1,1,5,2,23,2.2,13,36,3.6,.525,.514,3.1,0.6,31,$4700000,Amateur Draft,87/H,nimmobr01
211,Luke Voit,30,NYY,68,241,3,-1,-2,-2,-4,-6,-0.5,8,3,0.3,.492,.496,0.5,-0.5,5,$4700000,Traded,3DH,voitlu01
212,Gio Urshela,29,NYY,116,442,-3,-3,-2,-5,3,-9,-0.8,15,6,0.6,.492,.494,1.1,-0.1,11,$4650000,Purchased,56/H,urshegi01
213,Rafael Devers*,24,BOS,156,664,24,-2,0,-13,3,12,1.3,23,35,3.5,.508,.507,4.8,-0.9,48,$4575000,Amateur Free Agent,*5/D4H,deverra01
214,Matt Barnes,31,BOS,6,0,0,0,0,0,0,0,0.0,0,0,0.0,.500,.500,0.0,0.0,0,$4500000,Amateur Draft,1,barnema01
215,Joc Pederson*,29,2TM,137,481,-4,0,-1,-6,-4,-15,-1.6,16,2,0.0,.489,.495,0.6,-1.1,8,$4500000,Traded,*798H/3D,pederjo01
216,Martin Perez*,30,BOS,2,3,-1,0,0,0,0,0,0.0,0,0,0.0,.482,.500,0.0,0.0,0,$4500000,Free Agency,1,perezma02
217,Jonathan Schoop,29,DET,156,674,8,1,-1,-4,-7,-3,-0.2,23,19,2.0,.498,.498,2.4,-1.0,23,$4500000,Free Agency,*34D/5,schoojo01
218,Zach Eflin,27,PHI,17,37,-9,0,0,0,6,-3,-0.3,0,-3,-0.3,.483,.498,-0.3,0.0,-3,$4450000,Traded,1,eflinza01
219,Michael Lorenzen,29,CIN,26,1,0,0,0,0,0,0,0.0,0,0,0.0,.500,.500,0.0,0.0,0,$4430000,Amateur Draft,1/89,lorenmi01
220,Eloy Jiménez,24,CHW,55,231,2,-1,-1,1,-3,-1,-0.1,8,7,0.7,.497,.499,0.6,-0.2,5,$4333334,Traded,7D,jimenel02
221,Jorge Polanco#,27,MIN,152,644,19,-2,3,2,5,27,2.8,22,49,4.9,.518,.516,4.7,0.8,47,$4333333,Amateur Free Agent,*46/DH,polanjo01
222,Jurickson Profar#,28,SDP,137,412,-5,2,0,-6,-3,-12,-1.4,14,2,0.0,.491,.492,0.7,-1.0,8,$4333333,Free Agency,7H9384,profaju01
223,Teoscar Hernandez,28,TOR,143,595,28,-1,0,-2,-8,18,1.9,20,38,3.9,.512,.511,4.0,-0.9,40,$4320000,Traded,*97D/8H,hernate01
224,Jesus Aguilar,31,MIA,131,510,5,-2,-1,3,-6,-2,-0.3,17,16,1.4,.499,.499,1.2,-0.4,13,$4300000,Waivers,*3H/D5,aguilje01
225,Adam Frazier*,29,2TM,155,639,10,-1,1,7,3,21,1.9,21,42,4.0,.514,.508,3.4,1.0,35,$4300000,Amateur Draft,*4H7/D,fraziad01
226,Merrill Kelly,32,ARI,27,58,-10,0,0,0,9,-1,-0.2,0,-1,-0.2,.495,.499,-0.2,0.0,-1,$4250000,Free Agency,1,kellyme01
227,Scott Kingery,27,PHI,15,19,-4,0,0,-1,0,-6,-0.6,1,-5,-0.5,.461,.496,-0.4,-0.1,-4,$4250000,Amateur Draft,/H94587,kingesc01
228,Luis Castillo,28,CIN,30,59,-9,0,0,0,10,1,0.1,0,1,0.1,.503,.501,0.1,0.0,1,$4200000,Traded,1,castilu02
229,Dinelson Lamet,28,SDP,21,7,-1,0,0,0,1,0,0.0,0,0,0.0,.499,.500,0.0,0.0,0,$4200000,Amateur Free Agent,1,lametdi01
230,Tucker Barnhart*,30,CIN,116,388,-13,0,-1,-2,6,-10,-1.1,13,4,0.2,.491,.494,0.5,0.4,6,$4187500,Amateur Draft,2H/3,barnhtu01
231,Paul DeJong,27,STL,113,402,-7,-1,0,6,5,4,0.3,14,17,1.6,.503,.502,1.0,1.1,11,$4166667,Amateur Draft,6/H,dejonpa01
232,Lucas Giolito,26,CHW,2,4,0,0,0,0,1,0,0.0,0,0,0.0,.516,.500,0.0,0.0,0,$4150000,Traded,1,giolilu01
233,Ian Happ#,26,CHC,148,535,3,2,0,-3,-2,-1,-0.2,18,18,1.6,.500,.500,2.0,-0.6,21,$4100000,Amateur Draft,*78H9/45D,happia01
234,Mychal Givens,31,2TM,54,0,0,0,0,0,0,0,0.0,0,0,0.0,.500,.500,0.0,0.0,0,$4050000,Traded,1,givenmy01
235,Chase Anderson,33,PHI,13,14,-4,0,0,0,2,-2,-0.2,0,-2,-0.2,.488,.499,-0.2,0.0,-2,$4000000,Free Agency,1,anderch01
236,Jake Arrieta,35,2TM,24,30,-3,0,0,0,5,2,0.2,0,2,0.2,.507,.500,0.2,0.0,2,$4000000,Free Agency,1/H,arrieja01
237,Jake Diekman,34,OAK,4,1,0,0,0,0,0,0,0.0,0,0,0.0,.498,.500,0.0,0.0,0,$4000000,Traded,1,diekmja01
238,Tyler Glasnow*,27,TBR,1,2,-1,0,0,0,0,0,0.0,0,0,0.0,.480,.500,0.0,0.0,0,$4000000,Traded,1,glasnty01
239,Kwang Hyun Kim*,32,STL,25,29,-3,0,0,0,5,2,0.2,0,2,0.2,.508,.501,0.2,0.0,2,$4000000,Free Agency,1,kimkw01
240,Aaron Sanchez,28,SFG,9,10,-3,0,0,0,2,-1,-0.1,0,-1,-0.1,.488,.499,-0.1,0.0,-1,$4000000,Free Agency,/1,sanchaa01
241,Joe Smith,37,2TM,1,0,0,0,0,0,0,0,0.0,0,0,0.0,.500,.500,0.0,0.0,0,$4000000,Free Agency,1,smithjo05
242,Craig Stammen,37,SDP,64,7,-1,0,0,0,1,0,0.0,0,0,0.0,.501,.500,0.0,0.0,0,$4000000,Free Agency,1,stammcr01
243,Gleyber Torres,24,NYY,127,516,-4,-1,0,-12,6,-11,-0.9,18,7,0.8,.492,.493,2.0,-0.5,19,$4000000,Traded,64/H,torregl01
244,Vince Velasquez,29,2TM,24,30,-5,0,0,0,5,0,0.0,0,0,0.0,.501,.500,0.0,0.0,0,$4000000,Traded,1/H,velasvi01
245,Lourdes Gurriel Jr.,27,TOR,141,541,9,-1,0,7,-7,8,0.9,18,27,2.8,.506,.505,2.0,0.1,20,$3928571,Amateur Free Agent,*7D3/H,gurrilo01
246,Jack Flaherty,25,STL,15,26,-1,0,0,0,4,3,0.3,0,3,0.3,.523,.502,0.4,0.0,3,$3900000,Amateur Draft,1,flaheja01
247,Brian Anderson,28,MIA,67,264,-1,1,0,3,1,5,0.4,9,14,1.3,.508,.503,1.1,0.4,11,$3800000,Amateur Draft,5/H6,anderbr06
248,Walker Buehler,26,LAD,34,82,-13,0,0,0,13,0,0.0,0,0,0.0,.501,.500,0.0,0.0,0,$3750000,Amateur Draft,1/H,buehlwa01
249,Kevin Pillar,32,NYM,124,347,-3,-1,1,-1,-2,-6,-0.7,12,6,0.5,.495,.496,0.6,-0.4,7,$3600000,Free Agency,87H9/1,pillake01
250,Julio Urias*,24,LAD,30,70,-7,0,0,0,11,3,0.3,0,3,0.3,.511,.502,0.3,0.0,3,$3600000,Amateur Free Agent,1,uriasju01
251,Jonathan Villar#,30,NYM,142,505,1,-3,2,-2,4,2,0.0,17,19,1.7,.501,.501,2.0,0.1,21,$3550000,Free Agency,56H/4,villajo01
252,Jason Castro*,34,HOU,66,179,5,-1,0,-3,3,4,0.4,6,10,1.0,.506,.502,1.3,0.0,13,$3500000,Free Agency,2H/D,castrja01
253,Max Fried*,27,ATL,31,67,-3,0,0,0,10,7,0.6,0,7,0.7,.521,.504,0.7,0.0,7,$3500000,Traded,1/H,friedma01
254,Leury Garcia#,30,CHW,126,474,-1,4,2,-1,0,4,0.5,16,20,2.1,.503,.503,2.2,0.0,21,$3500000,Free Agency,498765/H,garcile02
255,Martin Maldonado,34,HOU,125,426,-20,-2,0,0,8,-15,-1.5,15,-1,0.0,.488,.490,-0.1,0.8,-1,$3500000,Traded,*2/3H,maldoma01
256,Brad Miller*,31,PHI,140,377,1,1,-1,-5,-4,-8,-0.9,13,5,0.4,.494,.495,0.9,-1.0,10,$3500000,Free Agency,3H94/57D,millebr02
257,Luis Robert,23,CHW,68,296,21,0,0,4,2,26,2.6,10,36,3.6,.538,.516,3.2,0.6,32,$3500000,Amateur Free Agent,8/D,roberlu01
258,Joakim Soria,37,2TM,29,0,0,0,0,0,0,0,0.0,0,0,0.0,.500,.500,0.0,0.0,0,$3500000,Free Agency,1,soriajo01
259,Stephen Vogt*,36,2TM,78,238,-10,0,0,-1,4,-8,-0.9,8,0,-0.1,.490,.498,0.1,0.2,1,$3500000,Free Agency,2H/3,vogtst01
260,Daniel Norris*,28,2TM,18,2,-1,0,0,0,0,0,0.0,0,0,0.0,.499,.500,0.0,0.0,0,$3475000,Traded,1,norrida01
261,Manuel Margot,26,TBR,125,464,-1,1,2,13,-4,11,1.2,16,27,2.8,.509,.507,1.4,1.0,14,$3400000,Traded,*987H/D,margoma01
262,Brad Keller,25,KCR,3,7,-2,0,0,0,1,-1,-0.1,0,-1,-0.1,.472,.499,-0.1,0.0,-1,$3350000,Traded,1,kellebr01
263,Austin Hedges,28,CLE,88,312,-24,0,-1,8,6,-11,-1.1,11,0,0.0,.487,.493,-0.8,1.4,-8,$3280000,Traded,2/H,hedgeau01
264,Brandon Woodruff*,28,MIL,28,58,-9,0,0,0,9,0,0.0,0,0,0.0,.501,.500,0.0,0.0,0,$3275000,Amateur Draft,1,woodrbr01
265,Donovan Solano,33,SFG,101,344,5,0,0,-7,2,1,0.0,12,12,1.1,.501,.500,1.9,-0.5,19,$3250000,Free Agency,4H/6,solando01
266,Jose Urena,29,DET,2,1,0,0,0,0,0,0,0.0,0,0,0.0,.494,.500,0.0,0.0,0,$3250000,Free Agency,1,urenajo01
267,Jesse Winker*,27,CIN,110,485,26,-1,-2,-6,-4,13,1.2,16,29,2.7,.512,.508,3.4,-1.1,35,$3150000,Amateur Draft,7/DH98,winkeje01
268,Kenta Maeda,33,MIN,4,4,0,0,0,0,0,0,0.0,0,0,0.0,.509,.500,0.0,0.0,0,$3125000,Traded,1/HD,maedake01
269,Michael Fulmer,28,DET,5,0,0,0,0,0,0,0,0.0,0,0,0.0,.500,.500,0.0,0.0,0,$3100000,Traded,1,fulmemi01
270,Hunter Renfroe,29,BOS,144,572,9,-2,1,-1,-5,2,0.4,20,22,2.3,.502,.502,2.3,-0.5,23,$3100000,Free Agency,*9/8HD,renfrhu01
271,Josh Lindblom,34,MIL,8,1,0,0,0,0,0,0,0.0,0,0,0.0,.499,.500,0.0,0.0,0,$3041666,Free Agency,/1,lindbjo01
272,Mitch Haniger,30,SEA,157,691,21,-1,-1,-3,-8,7,0.9,23,30,3.1,.505,.505,3.4,-1.0,33,$3010000,Traded,*9D,hanigmi01
273,Ozzie Albies#,24,ATL,156,686,2,3,3,1,4,13,1.2,23,36,3.4,.509,.508,3.4,0.5,35,$3000000,Amateur Free Agent,*4,albieoz01
274,Tyler Chatwood,31,2TM,6,1,0,0,0,0,0,0,0.0,0,0,0.0,.498,.500,0.0,0.0,0,$3000000,Free Agency,/1,chatwty01
275,Aledmys Díaz,30,HOU,84,319,-1,-3,0,8,0,4,0.5,11,15,1.6,.505,.503,0.7,0.8,7,$3000000,Traded,5743H/6D9,diazal02
276,Wilmer Flores,29,SFG,139,436,8,-2,-2,-1,0,3,0.2,15,18,1.7,.502,.502,1.8,-0.2,19,$3000000,Free Agency,5H34/D,florewi01
277,Marwin Gonzalez#,32,2TM,91,307,-18,-1,0,1,0,-19,-1.8,10,-8,-0.8,.479,.493,-1.0,0.2,-9,$3000000,Free Agency,43765H/D91,gonzama01
278,Brandon Kintzler,36,PHI,24,0,0,0,0,0,0,0,0.0,0,0,0.0,.500,.500,0.0,0.0,0,$3000000,Free Agency,1,kintzbr01
279,Aaron Loup*,33,NYM,63,0,0,0,0,0,0,0,0.0,0,0,0.0,.500,.500,0.0,0.0,0,$3000000,Free Agency,1,loupaa01
280,Shohei Ohtani*,26,LAA,155,639,40,1,1,0,-12,30,3.1,22,52,4.9,.519,.518,4.9,-1.1,52,$3000000,Free Agency,*D1/H97,ohtansh01
281,Carlos Rodon*,28,CHW,2,3,-1,0,0,0,0,0,0.0,0,0,0.0,.483,.500,0.0,0.0,0,$3000000,Free Agency,1,rodonca01
282,Antonio Senzatela,26,COL,27,51,-13,0,0,0,8,-4,-0.5,0,-4,-0.5,.483,.497,-0.5,0.0,-4,$3000000,Amateur Free Agent,1,senzaan01
283,Ross Stripling,31,TOR,3,6,-2,0,0,0,1,-1,-0.1,0,-1,-0.1,.477,.500,-0.1,0.0,-1,$3000000,Traded,1,stripro01
284,Julio Teheran,30,DET,0,0,0,0,0,0,0,0,,0,0,,,,,,0,$3000000,Free Agency,/1,teherju01
285,Michael Wacha,29,TBR,3,3,-1,0,0,0,0,0,0.0,0,0,0.0,.489,.500,0.0,0.0,0,$3000000,Free Agency,1/H,wachami01
286,Alex Wood,30,SFG,24,47,-10,-1,0,0,8,-3,-0.3,0,-3,-0.3,.489,.498,-0.3,0.0,-3,$3000000,Free Agency,1,woodal02
287,Daniel Bard,36,COL,64,1,0,0,0,0,0,1,0.1,0,1,0.1,.501,.500,0.1,0.0,1,$2925000,Free Agency,1,bardda01
288,Seth Lugo,31,NYM,44,1,0,0,0,0,0,1,0.1,0,1,0.1,.502,.501,0.1,0.0,1,$2900000,Amateur Draft,1,lugose01
289,Jeimer Candelario#,27,DET,149,626,18,-2,1,-3,2,16,1.7,21,37,3.8,.511,.510,4.1,0.0,40,$2850000,Traded,*5/D,candeje01
290,Brett Gardner*,37,NYY,140,461,-5,0,2,-3,1,-6,-0.5,16,10,1.0,.496,.496,1.3,-0.1,13,$2850000,Free Agency,*87/H,gardnbr01
291,Justin Wilson*,33,2TM,20,0,0,0,0,0,0,0,0.0,0,0,0.0,.500,.500,0.0,0.0,0,$2850000,Traded,1,wilsoju10
292,Colin Moran*,28,PIT,99,359,-1,-4,1,-3,-5,-11,-1.2,12,1,0.0,.489,.493,0.3,-0.8,4,$2800000,Traded,3H/D5,moranco01
293,Greg Holland,35,KCR,6,0,0,0,0,0,0,0,0.0,0,0,0.0,.500,.500,0.0,0.0,0,$2750000,Free Agency,1,hollagr01
294,David Dahl*,27,TEX,63,220,-12,-1,1,-1,-3,-17,-1.7,8,-9,-1.0,.472,.489,-0.9,-0.4,-8,$2700000,Free Agency,7D9/H8,dahlda01
295,JaCoby Jones,29,DET,36,105,-8,0,0,-2,0,-10,-1.0,4,-6,-0.7,.472,.494,-0.5,-0.1,-4,$2650000,Traded,8/H7D,jonesja07
296,Yusmeiro Petit,36,OAK,6,0,0,0,0,0,0,0,0.0,0,0,0.0,.500,.500,0.0,0.0,0,$2550000,Free Agency,1,petityu01
297,Dominic Smith*,26,NYM,145,493,-11,-1,-1,-3,-5,-21,-2.3,17,-4,-0.7,.485,.486,-0.3,-0.9,-1,$2550000,Amateur Draft,*7H3/D,smithdo02
298,Adalberto Mondesí#,25,KCR,35,136,-3,2,1,-2,1,-1,-0.1,5,4,0.4,.498,.500,0.6,-0.1,6,$2520000,Amateur Free Agent,56/DH,mondera02
299,Brett Anderson*,33,MIL,24,34,-7,0,-1,0,6,-2,-0.2,0,-2,-0.2,.490,.499,-0.2,0.0,-2,$2500000,Free Agency,1,anderbr04
300,Tyler Anderson*,31,2TM,18,40,-6,0,0,0,7,0,0.0,0,0,0.0,.501,.500,0.0,0.0,0,$2500000,Free Agency,1,anderty01
301,Hunter Dozier,29,KCR,144,543,-17,-1,-1,-21,-4,-44,-4.3,19,-26,-2.5,.469,.473,-0.5,-2.4,-5,$2500000,Amateur Draft,9537D/H,doziehu01
302,Rich Hill*,41,2TM,16,26,-5,0,0,0,4,-1,-0.1,0,-1,-0.1,.492,.499,-0.1,0.0,-1,$2500000,Traded,1,hillri01
303,Brandon Lowe*,26,TBR,149,615,29,3,1,-10,3,25,2.6,21,46,4.7,.517,.515,5.7,-0.6,56,$2500000,Amateur Draft,*4H7/9D3,lowebr01
304,Omar Narvaez*,29,MIL,123,445,-2,-1,-2,-2,7,1,-0.1,15,16,1.4,.501,.500,1.7,0.4,18,$2500000,Traded,*2H/4D,narvaom01
305,Joely Rodriguez*,29,2TM,6,0,0,0,0,0,0,0,0.0,0,0,0.0,.500,.500,0.0,0.0,0,$2500000,Traded,1,rodrijo06
306,Trevor Williams,29,2TM,21,28,-3,0,0,0,5,1,0.1,0,1,0.1,.506,.500,0.1,0.0,1,$2500000,Free Agency,1,willitr01
307,Ji-Man Choi*,30,TBR,83,305,7,0,0,-4,-4,-1,-0.1,10,9,0.9,.498,.499,1.3,-0.8,13,$2450000,Traded,3H/D,choiji01
308,Amed Rosario,25,CLE,141,588,-1,3,1,-11,7,-1,0.0,20,19,1.9,.499,.499,3.0,-0.3,30,$2400000,Traded,*68/HD,rosaram01
309,Ryan McMahon*,26,COL,151,596,-3,-1,-1,22,4,20,2.0,20,41,4.0,.514,.513,1.7,2.6,19,$2375000,Amateur Draft,*54H,mcmahry01
310,Ryan Yarbrough,29,TBR,2,4,-1,0,0,0,1,0,0.0,0,0,0.0,.480,.500,0.0,0.0,0,$2300000,Traded,1,yarbrry01
311,Chad Pinder,29,OAK,75,233,-1,0,-1,-3,-2,-6,-0.6,8,2,0.2,.491,.496,0.5,-0.4,5,$2275000,Amateur Draft,97H/645D,pindech01
312,Andrew Chafin,31,2TM,42,0,0,0,0,0,0,0,0.0,0,0,0.0,.500,.500,0.0,0.0,0,$2250000,Free Agency,1,chafian01
313,Tommy Hunter,34,NYM,3,1,0,0,0,0,0,1,0.1,0,1,0.1,.521,.500,0.1,0.0,1,$2250000,Free Agency,/1,hunteto02
314,Rafael Montero,30,2TM,3,0,0,0,0,0,0,0,0.0,0,0,0.0,.500,.500,0.0,0.0,0,$2250000,Traded,1,montera01
315,Mitch Moreland*,35,OAK,81,252,-3,-1,1,0,-6,-9,-0.8,9,0,0.0,.489,.495,0.0,-0.6,0,$2250000,Free Agency,DH/31,morelmi01
316,Sergio Romo,38,OAK,4,0,0,0,0,0,0,0,0.0,0,0,0.0,.500,.500,0.0,0.0,0,$2250000,Free Agency,1,romose01
317,Joey Wendle*,31,TBR,136,501,7,-1,0,10,4,20,2.1,17,37,3.8,.515,.512,2.7,1.5,27,$2250000,Traded,564H,wendljo01
318,Tyler Duffey,30,MIN,5,0,0,0,0,0,0,0,0.0,0,0,0.0,.500,.500,0.0,0.0,0,$2200000,Amateur Draft,1,duffety01
319,Tyler Mahle,26,CIN,32,66,-14,0,0,0,11,-3,-0.4,0,-3,-0.4,.490,.498,-0.4,0.0,-3,$2200000,Amateur Draft,1,mahlety01
320,Chad Green*,30,NYY,5,0,0,0,0,0,0,0,0.0,0,0,0.0,.500,.500,0.0,0.0,0,$2150000,Traded,1,greench03
321,Ian Kennedy,36,2TM,24,0,0,0,0,0,0,0,0.0,0,0,0.0,.500,.500,0.0,0.0,0,$2150000,Traded,1,kenneia01
322,Chad Kuhl,28,PIT,27,24,-5,0,0,0,4,-1,-0.1,0,-1,-0.1,.496,.499,-0.1,0.0,-1,$2130000,Amateur Draft,1,kuhlch01
323,Jordan Montgomery*,28,NYY,3,4,-1,0,0,0,1,0,0.0,0,0,0.0,.485,.500,0.0,0.0,0,$2130000,Amateur Draft,1,montgjo01
324,J.D. Davis,28,NYM,73,211,9,0,0,-7,1,2,0.1,7,9,0.8,.502,.501,1.6,-0.7,16,$2100000,Traded,5H/D,davisjd01
325,Jackson Frazier,26,NYY,66,218,-6,0,-1,-11,-3,-22,-2.1,7,-14,-1.4,.467,.487,-0.3,-1.4,-3,$2100000,Traded,79/H,frazicl01
326,John Gant,28,2TM,24,18,-5,0,0,0,3,-2,-0.2,0,-2,-0.2,.492,.499,-0.2,0.0,-2,$2100000,Traded,1,gantjo01
327,Niko Goodrum#,29,DET,90,325,-7,0,0,-8,4,-11,-1.1,11,0,0.0,.488,.493,0.8,-0.4,8,$2100000,Free Agency,6H/4873D,goodrni01
328,Reynaldo Lopez,27,CHW,3,0,0,0,0,0,0,0,0.0,0,0,0.0,.500,.500,0.0,0.0,0,$2100000,Traded,1,lopezre01
329,Anthony Santander#,26,BAL,110,438,-6,0,-1,-1,-5,-13,-1.3,15,2,0.2,.488,.492,0.3,-0.6,3,$2100000,Rule 5 Draft,9D/H7,santaan02
330,Jorge Alfaro,28,MIA,92,311,-10,1,0,-7,3,-13,-1.4,11,-3,-0.4,.485,.492,0.4,-0.5,4,$2050000,Traded,27H/3,alfarjo01
331,Steven Brault*,29,PIT,7,8,-1,0,0,0,1,0,0.0,0,0,0.0,.506,.500,0.0,0.0,0,$2050000,Traded,/1,braulst01
332,J.P. Crawford*,26,SEA,160,687,2,-5,1,8,9,14,1.6,23,37,3.8,.509,.509,3.0,1.8,29,$2050000,Traded,*6,crawfjp01
333,Orlando Arcia,26,2TM,36,89,-6,0,0,1,0,-5,-0.6,3,-2,-0.3,.485,.498,-0.4,0.1,-3,$2000000,Traded,H7/654,arciaor01
334,Harrison Bader,27,STL,103,401,6,2,1,15,2,26,2.5,14,39,3.9,.526,.516,2.4,1.7,24,$2000000,Amateur Draft,8,baderha01
335,Aaron Bummer*,27,CHW,5,0,0,0,0,0,0,0,0.0,0,0,0.0,.500,.500,0.0,0.0,0,$2000000,Amateur Draft,1,bummeaa01
336,Alex Dickerson*,31,SFG,111,312,-2,0,0,-5,-3,-10,-1.2,11,0,-0.1,.490,.493,0.4,-0.9,5,$2000000,Traded,7H/D,dickeal01
337,David Fletcher,27,LAA,157,665,-28,3,2,13,5,-5,-0.4,23,18,1.8,.497,.497,0.5,1.9,5,$2000000,Amateur Draft,*46/H,fletcda02
338,Pierce Johnson,30,SDP,60,0,0,0,0,0,0,0,0.0,0,0,0.0,.500,.500,0.0,0.0,0,$2000000,Free Agency,1,johnspi01
339,Isiah Kiner-Falefa,26,TEX,158,677,-9,3,1,10,8,13,1.5,23,36,3.7,.508,.508,2.6,2.0,26,$2000000,Amateur Draft,*6/HD,kineris01
340,Tommy La Stella*,32,SFG,76,242,-2,-1,-1,-3,1,-5,-0.6,8,4,0.3,.494,.497,0.6,-0.2,6,$2000000,Free Agency,4H/5D,lasteto01
341,Evan Marshall,31,CHW,0,0,0,0,0,0,0,0,,0,0,,,,,,0,$2000000,Free Agency,1,marshev01
342,Jake McGee*,34,SFG,55,0,0,0,0,0,0,0,0.0,0,0,0.0,.500,.500,0.0,0.0,0,$2000000,Free Agency,1,mcgeeja01
343,Mark Melancon,36,SDP,59,1,0,0,0,0,0,0,0.0,0,0,0.0,.500,.500,0.0,0.0,0,$2000000,Free Agency,1,melanma01
344,Brooks Raley*,33,HOU,4,0,0,0,0,0,0,0,0.0,0,0,0.0,.500,.500,0.0,0.0,0,$2000000,Traded,1,raleybr01
345,Wilson Ramos,33,2TM,44,163,-5,0,0,-5,1,-10,-0.9,6,-4,-0.4,.478,.496,0.1,-0.4,1,$2000000,Free Agency,2D/H,ramoswi01
346,Hansel Robles,30,2TM,4,0,0,0,0,0,0,0,0.0,0,0,0.0,.500,.500,0.0,0.0,0,$2000000,Traded,1,robleha01
347,Matt Shoemaker,34,MIN,0,0,0,0,0,0,0,0,,0,0,,,,,,0,$2000000,Free Agency,1,shoemma01
348,Matt Strahm,29,SDP,5,0,0,0,0,0,0,0,0.0,0,0,0.0,.500,.500,0.0,0.0,0,$2000000,Traded,/1,strahma01
349,Nick Wittgren,30,CLE,3,0,0,0,0,0,0,0,0.0,0,0,0.0,.500,.500,0.0,0.0,0,$2000000,Traded,1,wittgni01
350,Mike Zunino,30,TBR,109,375,18,1,0,-1,6,25,2.5,13,37,3.8,.522,.515,3.8,0.6,38,$2000000,Free Agency,2/H,zuninmi01
351,Raimel Tapia*,27,COL,133,533,-14,3,1,8,-4,-7,-0.8,18,12,1.0,.495,.496,0.2,0.3,4,$1950000,Amateur Free Agent,*7H/98,tapiara01
352,Luke Weaver,27,ARI,13,22,-3,0,0,0,4,1,0.1,0,1,0.1,.505,.500,0.1,0.0,1,$1950000,Traded,1,weavelu01
353,Yimi Garcia,30,2TM,41,0,0,0,0,0,0,0,0.0,0,0,0.0,.500,.500,0.0,0.0,0,$1900000,Traded,1,garciyi01
354,Luke Jackson,29,ATL,66,0,0,0,0,0,0,0,0.0,0,0,0.0,.500,.500,0.0,0.0,0,$1900000,Free Agency,1,jackslu01
355,Mitch Garver,30,MIN,68,243,11,0,0,-1,3,12,1.3,8,21,2.1,.518,.508,2.2,0.3,22,$1875000,Amateur Draft,2H/3D,garvemi01
356,Matt Andriese,31,2TM,5,0,0,0,0,0,0,0,0.0,0,0,0.0,.500,.500,0.0,0.0,0,$1850000,Free Agency,1,andrima01
357,Buck Farmer*,30,DET,0,0,0,0,0,0,0,0,,0,0,,,,,,0,$1850000,Amateur Draft,1,farmebu01
358,Joe Panik*,30,2TM,95,257,-15,0,-1,-8,1,-23,-2.4,9,-14,-1.5,.475,.493,-0.7,-0.8,-6,$1850000,Traded,H45/3,panikjo01
359,Pedro Severino,27,BAL,113,419,-7,-2,-2,-1,7,-5,-0.5,14,9,1.0,.495,.497,1.0,0.6,10,$1825000,Waivers,*2/DH,severpe01
360,Garrett Cooper,30,MIA,71,250,10,-2,-1,-2,-3,3,0.2,9,11,1.1,.504,.502,1.3,-0.5,13,$1800000,Traded,93H/D,coopega03
361,Frankie Montas,28,OAK,2,4,-1,0,0,0,1,0,0.0,0,0,0.0,.479,.500,0.0,0.0,0,$1800000,Traded,1,montafr02
362,Asdrubal Cabrera#,35,2TM,110,352,-7,-1,0,1,0,-7,-0.8,12,5,0.4,.494,.499,0.3,0.1,4,$1750000,Free Agency,5H3/D16,cabreas01
363,Tyler Clippard,36,ARI,23,0,0,0,0,0,0,0,0.0,0,0,0.0,.500,.500,0.0,0.0,0,$1750000,Free Agency,1,clippty01
364,Jesse Hahn,31,KCR,0,0,0,0,0,0,0,0,,0,0,,,,,,0,$1750000,Free Agency,/1,hahnje01
365,Brock Holt*,33,TEX,76,260,-13,0,1,4,1,-8,-0.8,9,1,0.1,.489,.495,-0.4,0.5,-3,$1750000,Free Agency,5H/D1,holtbr01
366,Nomar Mazara*,26,DET,50,181,-7,0,0,0,-2,-9,-0.9,6,-3,-0.3,.481,.494,-0.3,-0.2,-3,$1750000,Free Agency,9/DH,mazarno01
367,Darren O'Day,38,NYY,0,0,0,0,0,0,0,0,,0,0,,,,,,0,$1750000,Free Agency,1,odayda01
368,David Phelps,34,TOR,0,0,0,0,0,0,0,0,,0,0,,,,,,0,$1750000,Free Agency,1,phelpda01
369,Danny Santana#,30,BOS,38,127,-6,0,0,0,-1,-7,-0.7,4,-3,-0.3,.481,.496,-0.3,-0.1,-3,$1750000,Free Agency,38/7HD,santada01
370,Michael A. Taylor,30,KCR,142,528,-16,0,0,19,3,6,0.7,18,24,2.5,.504,.504,0.5,2.3,5,$1750000,Free Agency,*8/HD,taylomi02
371,Fernando Tatis Jr.,22,SDP,130,546,43,6,2,-6,5,50,4.8,19,68,6.6,.538,.530,7.3,-0.2,74,$1714286,Traded,69/8HD,tatisfe02
372,Chris Flexen,26,SEA,2,3,-1,0,0,0,0,0,0.0,0,0,0.0,.485,.500,0.0,0.0,0,$1700000,Free Agency,1,flexech01
373,Jakob Junis,28,KCR,1,2,-1,0,0,0,0,0,0.0,0,0,0.0,.476,.500,0.0,0.0,0,$1700000,Amateur Draft,1,junisja01
374,Carson Kelly,26,ARI,98,359,3,-1,-2,4,5,10,0.9,12,22,2.1,.511,.506,1.8,0.9,18,$1700000,Traded,2H,kellyca02
375,Richard Rodriguez,31,2TM,60,0,0,0,0,0,0,0,0.0,0,0,0.0,.500,.500,0.0,0.0,0,$1700000,Traded,1,rodriri05
376,Miguel Castro,26,NYM,65,0,0,0,0,0,0,0,0.0,0,0,0.0,.500,.500,0.0,0.0,0,$1688000,Traded,1,castrmi01
377,Hanser Alberto,28,KCR,103,255,-7,-1,0,1,2,-5,-0.5,9,4,0.4,.495,.497,0.3,0.3,3,$1650000,Free Agency,54H6D/1,alberha01
378,Austin Barnes,31,LAD,77,225,-7,0,-1,1,4,-3,-0.4,8,5,0.4,.496,.498,0.3,0.4,4,$1650000,Traded,2H/4D,barneau01
379,Manny Pina,34,MIL,75,208,-2,0,0,6,3,6,0.6,7,13,1.3,.509,.504,0.7,0.9,7,$1650000,Traded,2H,pinama01
380,Kevin Plawecki,30,BOS,64,173,0,-1,0,-5,2,-4,-0.4,6,2,0.2,.494,.497,0.7,-0.2,7,$1600000,Free Agency,2/HD31,plaweke01
381,Max Stassi,30,LAA,87,319,2,-1,0,0,5,7,0.7,11,18,1.8,.508,.504,1.8,0.6,18,$1600000,Traded,2/H,stassma01
382,Emilio Pagan*,30,SDP,64,2,-1,0,0,0,0,0,0.0,0,0,0.0,.500,.500,0.0,0.0,0,$1570000,Traded,1,paganem01
383,Brent Suter*,31,MIL,60,4,-1,0,0,0,1,-1,-0.1,0,-1,-0.1,.499,.500,-0.1,0.0,-1,$1550000,Amateur Draft,1,suterbr01
384,Ehire Adrianza#,31,ATL,109,209,-2,1,0,-2,0,-3,-0.4,7,4,0.3,.497,.498,0.5,-0.3,6,$1500000,Free Agency,H59/4768D,adriaeh01
385,Cam Bedrosian,29,3TM,19,0,0,0,0,0,0,0,0.0,0,0,0.0,.500,.500,0.0,0.0,0,$1500000,Free Agency,1,bedroca01
386,Trevor Cahill,33,PIT,8,9,-2,0,0,0,1,0,0.0,0,0,0.0,.496,.500,0.0,0.0,0,$1500000,Free Agency,/1,cahiltr01
387,Curt Casali,32,SFG,77,231,-5,-1,0,2,4,-1,-0.1,8,7,0.7,.499,.500,0.5,0.5,5,$1500000,Free Agency,2H/3,casalcu01
388,Rafael Dolis,33,TOR,3,0,0,0,0,0,0,0,0.0,0,0,0.0,.500,.500,0.0,0.0,0,$1500000,Free Agency,1,dolisra01
389,Sean Doolittle*,34,2TM,44,0,0,0,0,0,0,0,0.0,0,0,0.0,.500,.500,0.0,0.0,0,$1500000,Free Agency,1,doolise01
390,Jarrod Dyson*,36,2TM,102,149,-11,0,1,8,-2,-4,-0.3,5,1,0.2,.496,.499,-0.7,0.6,-7,$1500000,Free Agency,89H7/D,dysonja01
391,Freddy Galvis#,31,2TM,104,394,-5,0,0,-1,4,-2,-0.1,13,12,1.2,.499,.500,1.3,0.4,13,$1500000,Free Agency,6/H,galvifr01
392,Amir Garrett,29,CIN,59,0,0,0,0,0,0,0,0.0,0,0,0.0,.500,.500,0.0,0.0,0,$1500000,Amateur Draft,1,garream01
393,Joe Jimenez,26,DET,6,0,0,0,0,0,0,0,0.0,0,0,0.0,.500,.500,0.0,0.0,0,$1500000,Amateur Free Agent,1,jimenjo02
394,Matt Joyce*,36,PHI,43,69,-6,0,0,1,-1,-7,-0.7,2,-4,-0.5,.484,.496,-0.6,0.0,-5,$1500000,Free Agency,H/79,joycema01
395,Jed Lowrie#,37,OAK,139,512,2,-2,-1,-12,-4,-17,-1.6,17,1,0.1,.488,.490,1.3,-1.5,13,$1500000,Free Agency,4DH/5,lowrije01
396,Tyler Naquin*,30,CIN,127,454,4,-2,0,-9,0,-7,-0.8,16,9,0.8,.495,.496,1.7,-1.0,18,$1500000,Free Agency,*879H,naquity01
397,Wily Peralta,32,DET,1,2,0,0,0,0,0,0,0.0,0,0,0.0,.514,.500,0.0,0.0,0,$1500000,Free Agency,1,peralwi01
398,Austin Romine,32,CHC,28,62,-5,0,-1,0,1,-5,-0.5,2,-3,-0.3,.483,.497,-0.3,0.1,-2,$1500000,Free Agency,2/H,rominau01
399,Joe Ross,28,WSN,21,39,-1,0,1,0,6,5,0.5,0,5,0.5,.523,.503,0.5,0.0,5,$1500000,Traded,1/H,rossjo01
400,Travis Shaw*,31,2TM,84,250,-7,-2,0,-4,-1,-14,-1.5,9,-5,-0.6,.483,.495,-0.2,-0.5,-1,$1500000,Waivers,H3/D,shawtr01
401,Chasen Shreve*,30,PIT,55,0,0,0,0,0,0,0,0.0,0,0,0.0,.500,.500,0.0,0.0,0,$1500000,Free Agency,1,shrevch01
402,Kurt Suzuki,37,LAA,72,247,-8,-1,-1,-6,4,-13,-1.3,8,-4,-0.4,.482,.492,0.2,-0.1,2,$1500000,Free Agency,2/H,suzukku01
403,Carlos Estevez,28,COL,61,0,0,0,0,0,0,0,0.0,0,0,0.0,.500,.500,0.0,0.0,0,$1450000,Amateur Free Agent,1,estevca01
404,Caleb Smith,29,ARI,45,25,-4,0,1,0,4,1,0.1,0,1,0.1,.502,.501,0.1,0.0,1,$1450000,Traded,1,smithca03
405,Richard Bleier*,34,MIA,64,1,0,0,0,0,0,0,0.0,0,0,0.0,.500,.500,0.0,0.0,0,$1425000,Traded,1,bleieri01
406,Daniel Vogelbach*,28,MIL,93,258,1,-3,-1,-4,-3,-9,-1.0,9,-1,-0.2,.490,.494,0.3,-0.8,3,$1400000,Waivers,3H/D,vogelda01
407,Johan Camargo#,27,ATL,15,18,-4,0,0,0,0,-4,-0.4,1,-3,-0.4,.472,.497,-0.4,0.0,-3,$1360000,Amateur Free Agent,H/345D,camarjo01
408,Jay Bruce*,34,NYY,10,39,-3,0,0,0,-1,-5,-0.5,1,-3,-0.3,.453,.497,-0.3,0.0,-3,$1350000,Free Agency,3,bruceja01
409,Adam Engel,29,CHW,39,140,4,0,0,7,0,10,1.1,5,15,1.6,.527,.507,0.8,0.7,8,$1350000,Amateur Draft,89/7HD,engelad01
410,Victor Caratini#,27,SDP,116,356,-10,-1,-2,-3,6,-11,-1.2,12,1,0.0,.490,.493,0.3,0.2,4,$1300000,Traded,2H/35,caratvi01
411,Robert Gsellman,27,NYM,16,6,-1,0,0,0,1,0,0.0,0,0,0.0,.499,.500,0.0,0.0,0,$1300000,Amateur Draft,1/H,gsellro01
412,A.J. Minter*,27,ATL,57,1,0,0,0,0,0,0,0.0,0,0,0.0,.500,.500,0.0,0.0,0,$1300000,Amateur Draft,1,minteaj01
413,Jacob Stallings,31,PIT,112,427,-2,-3,-1,16,7,16,1.6,15,31,3.0,.515,.511,1.4,2.3,15,$1300000,Amateur Draft,2/H3,stallja01
414,Evan White,25,SEA,30,104,-10,0,0,2,-1,-9,-1.0,4,-6,-0.6,.467,.494,-0.8,0.1,-8,$1300000,Amateur Draft,3,whiteev01
415,Darin Ruf,34,SFG,117,312,19,0,0,4,-4,19,1.9,11,30,2.9,.517,.512,2.5,-0.1,26,$1275000,Free Agency,H37/9D1,rufda01
416,Ryan Brasier,33,BOS,2,0,0,0,0,0,0,0,0.0,0,0,0.0,.500,.500,0.0,0.0,0,$1250000,Free Agency,1,brasiry01
417,Wade Davis,35,KCR,5,0,0,0,0,0,0,0,0.0,0,0,0.0,.500,.500,0.0,0.0,0,$1250000,Free Agency,1,daviswa01
418,Kendall Graveman,30,2TM,7,0,0,0,0,0,0,0,0.0,0,0,0.0,.500,.500,0.0,0.0,0,$1250000,Traded,1,graveke01
419,Billy Hamilton,30,CHW,71,135,-7,3,1,2,0,-1,-0.1,5,3,0.4,.498,.499,0.1,0.2,1,$1250000,Free Agency,87H/D9,hamilbi02
420,Heath Hembree,32,2TM,56,1,0,0,0,0,0,0,0.0,0,0,0.0,.500,.500,0.0,0.0,0,$1250000,Free Agency,1,hembrhe01
421,Juan Lagares,32,LAA,112,327,-14,0,0,2,-1,-14,-1.4,11,-3,-0.3,.487,.491,-0.5,0.2,-5,$1250000,Free Agency,*897/H,lagarju01
422,Sandy Leon#,32,MIA,83,220,-17,-2,0,2,3,-13,-1.5,8,-6,-0.8,.483,.491,-0.9,0.5,-8,$1250000,Free Agency,2H/15D,leonsa01
423,Freddy Peralta,25,MIL,28,45,-9,0,0,0,7,-2,-0.2,0,-2,-0.2,.493,.499,-0.2,0.0,-2,$1234960,Traded,1/H,peralfr01
424,Erik Gonzalez,29,PIT,71,229,-15,-2,0,5,1,-11,-1.2,8,-3,-0.4,.484,.493,-0.9,0.6,-8,$1225000,Traded,563H,gonzaer01
425,Elias Diaz,30,COL,106,371,-4,-1,-1,11,6,11,1.0,13,23,2.2,.510,.507,1.1,1.7,12,$1200000,Free Agency,2H,diazel01
426,Keone Kela,28,SDP,11,0,0,0,0,0,0,0,0.0,0,0,0.0,.500,.500,0.0,0.0,0,$1200000,Free Agency,1,kelake01
427,Mike Mayers,29,LAA,10,0,0,0,0,0,0,0,0.0,0,0,0.0,.500,.500,0.0,0.0,0,$1200000,Waivers,1,mayermi01
428,Hirokazu Sawamura,33,BOS,4,0,0,0,0,0,0,0,0.0,0,0,0.0,.500,.500,0.0,0.0,0,$1200000,Free Agency,1,sawamhi01
429,Chaz Roe,34,TBR,1,0,0,0,0,0,0,0,0.0,0,0,0.0,.500,.500,0.0,0.0,0,$1150000,Free Agency,/1,roech01
430,Austin Slater,28,SFG,129,306,0,3,1,2,-1,4,0.4,10,15,1.4,.503,.503,1.2,0.0,13,$1150000,Amateur Draft,*8H79/D1,slateau01
431,Matt Wisler,28,2TM,19,1,0,0,0,0,0,0,0.0,0,0,0.0,.499,.500,0.0,0.0,0,$1150000,Free Agency,1,wislema01
432,Alex Claudio*,29,LAA,8,0,0,0,0,0,0,0,0.0,0,0,0.0,.500,.500,0.0,0.0,0,$1125000,Free Agency,1,claudal01
433,Chi Chi Gonzalez,29,COL,24,34,-5,0,0,0,6,1,0.1,0,1,0.1,.503,.500,0.1,0.0,1,$1100000,Free Agency,1,gonzach01
434,Andrew Knapp#,29,PHI,62,159,-17,0,1,-6,2,-19,-2.0,5,-14,-1.5,.468,.488,-0.9,-0.4,-8,$1100000,Amateur Draft,2H/341,knappan01
435,Félix Peña,31,LAA,0,0,0,0,0,0,0,0,,0,0,,,,,,0,$1100000,Traded,/1,penafe01
436,Ryne Stanek,29,HOU,6,0,0,0,0,0,0,0,0.0,0,0,0.0,.500,.500,0.0,0.0,0,$1100000,Free Agency,1,stanery01
437,Chris Stratton,30,PIT,65,2,-1,0,0,0,0,0,0.0,0,0,0.0,.500,.500,0.0,0.0,0,$1100000,Purchased,1,stratch01
438,Jose Alvarez*,32,SFG,63,5,0,0,0,0,1,1,0.1,0,1,0.1,.502,.501,0.1,0.0,1,$1050000,Free Agency,1,alvarjo02
439,Luis Cessa,29,2TM,24,0,0,0,0,0,0,0,0.0,0,0,0.0,.500,.500,0.0,0.0,0,$1050000,Traded,1,cessalu01
440,Tony Kemp*,29,OAK,131,397,15,2,1,2,0,20,2.1,14,33,3.4,.515,.512,3.2,0.3,31,$1050000,Traded,47H/D6,kempto01
441,David Bote,28,CHC,97,327,-14,-1,-2,0,2,-15,-1.7,11,-4,-0.6,.484,.490,-0.5,0.1,-4,$1010000,Amateur Draft,45H/D,boteda01
442,Scott Alexander*,31,LAD,16,0,0,0,0,0,0,0,0.0,0,0,0.0,.500,.500,0.0,0.0,0,$1000000,Traded,1,alexasc02
443,Jose Alvarado*,26,PHI,59,0,0,0,0,0,0,0,0.0,0,0,0.0,.500,.500,0.0,0.0,0,$1000000,Traded,1,alvarjo03
444,Anthony Bass,33,MIA,67,0,0,0,0,0,0,0,0.0,0,0,0.0,.500,.500,0.0,0.0,0,$1000000,Free Agency,1,bassan01
445,Steve Cishek,35,LAA,13,0,0,0,0,0,0,0,0.0,0,0,0.0,.500,.500,0.0,0.0,0,$1000000,Free Agency,1,cishest01
446,A.J. Cole,29,TOR,1,0,0,0,0,0,0,0,0.0,0,0,0.0,.500,.500,0.0,0.0,0,$1000000,Free Agency,/1,coleaj01
447,C.J. Cron,31,COL,142,547,22,-1,-1,3,-7,16,1.5,19,35,3.4,.512,.510,3.1,-0.5,32,$1000000,Free Agency,*3H/D,croncj01
448,Chris Devenski,30,ARI,8,0,0,0,0,0,0,0,0.0,0,0,0.0,.500,.500,0.0,0.0,0,$1000000,Free Agency,/1,devench02
449,Matt Duffy,30,CHC,97,322,2,3,-3,3,2,6,0.6,11,17,1.6,.507,.504,1.4,0.4,14,$1000000,Free Agency,5H4/6731,duffyma01
450,Michael Feliz,28,4TM,16,0,0,0,0,0,0,0,0.0,0,0,0.0,.500,.500,0.0,0.0,0,$1000000,Free Agency,/1,felizmi01
451,Josh Harrison,33,2TM,138,558,6,-3,0,-4,3,2,0.2,19,21,2.1,.502,.503,2.5,-0.1,25,$1000000,Traded,45/67H,harrijo05
452,Matt Harvey,32,BAL,3,6,-2,0,0,0,1,-1,-0.1,0,-1,-0.1,.477,.500,-0.1,0.0,-1,$1000000,Free Agency,1,harvema01
453,Jake Lamb*,30,2TM,55,170,-1,0,-1,-5,-2,-9,-0.8,6,-3,-0.3,.484,.497,0.2,-0.6,2,$1000000,Free Agency,57H/9D3,lambja01
454,Jake Marisnick,30,2TM,99,198,-6,0,-1,3,0,-4,-0.4,7,3,0.2,.496,.499,-0.1,0.3,0,$1000000,Free Agency,8H7/9,marisja01
455,Jordy Mercer,34,WSN,46,127,-2,0,0,-1,1,-2,-0.2,4,2,0.2,.495,.499,0.3,0.0,3,$1000000,Free Agency,45H/63D7,mercejo03
456,Gerardo Parra*,34,WSN,53,107,-3,-1,0,-3,-1,-8,-0.8,4,-4,-0.5,.485,.495,-0.1,-0.4,-1,$1000000,Free Agency,H7/89,parrage01
457,Pablo Sandoval#,34,ATL,69,86,-3,-1,0,0,-1,-5,-0.5,3,-2,-0.2,.493,.497,-0.2,-0.1,-2,$1000000,Free Agency,H/D35,sandopa01
458,Bryan Shaw#,33,CLE,4,0,0,0,0,0,0,0,0.0,0,0,0.0,.500,.500,0.0,0.0,0,$1000000,Free Agency,1,shawbr01
459,Eric Sogard*,35,CHC,78,180,-11,-1,-1,0,1,-11,-1.2,6,-5,-0.7,.485,.493,-0.7,0.1,-5,$1000000,Free Agency,4H5/163,sogarer01
460,Josh Tomlin,36,ATL,35,5,0,0,0,0,1,1,0.1,0,1,0.1,.502,.501,0.1,0.0,1,$1000000,Free Agency,1/H,tomlijo01
461,Tony Watson*,36,2TM,35,1,0,0,0,0,0,0,0.0,0,0,0.0,.500,.500,0.0,0.0,0,$1000000,Free Agency,1,watsoto01
462,Ryan Zimmerman,36,WSN,110,273,2,-1,0,5,-3,3,0.3,9,13,1.2,.503,.502,0.7,0.2,8,$1000000,Free Agency,H3/D,zimmery01
463,Phil Maton,28,2TM,8,1,0,0,0,0,0,0,0.0,0,0,0.0,.499,.500,0.0,0.0,0,$975000,Traded,1,matonph01
464,Jose Cisnero,32,DET,5,0,0,0,0,0,0,0,0.0,0,0,0.0,.500,.500,0.0,0.0,0,$970000,Free Agency,1,cisnejo01
465,Jarlin Garcia*,28,SFG,54,2,-1,0,0,0,0,0,0.0,0,0,0.0,.500,.500,0.0,0.0,0,$950000,Waivers,1,garcija04
466,Adam Cimber,30,2TM,34,2,-1,0,0,0,0,0,0.0,0,0,0.0,.499,.500,0.0,0.0,0,$925000,Traded,1,cimbead01
467,Derek Holland#,34,DET,4,0,0,0,0,0,0,0,0.0,0,0,0.0,.500,.500,0.0,0.0,0,$925000,Free Agency,1,hollade01
468,Wandy Peralta*,29,2TM,15,0,0,0,0,0,0,0,0.0,0,0,0.0,.500,.500,0.0,0.0,0,$925000,Traded,1,peralwa01
469,Lou Trivino,29,OAK,5,0,0,0,0,0,0,0,0.0,0,0,0.0,.500,.500,0.0,0.0,0,$912000,Amateur Draft,1,trivilo01
470,Grant Dayton*,33,ATL,12,0,0,0,0,0,0,0,0.0,0,0,0.0,.500,.500,0.0,0.0,0,$900000,Waivers,1,daytogr01
471,Adam Morgan*,31,CHC,32,0,0,0,0,0,0,0,0.0,0,0,0.0,.500,.500,0.0,0.0,0,$900000,Free Agency,1,morgaad01
472,Alex Reyes,26,STL,67,1,0,0,0,0,0,0,0.0,0,0,0.0,.500,.500,0.0,0.0,0,$900000,Amateur Free Agent,1,reyesal02
473,Daniel Robertson,27,MIL,50,90,-5,0,0,-2,1,-6,-0.6,3,-3,-0.3,.489,.496,-0.1,-0.2,0,$900000,Free Agency,5H/4631,roberda10
474,Dan Winkler,31,CHC,45,1,0,0,0,0,0,0,0.0,0,0,0.0,.500,.500,0.0,0.0,0,$900000,Free Agency,1,winklda01
475,Tom Murphy,30,SEA,97,325,-6,-1,-1,0,5,-2,-0.2,11,9,0.9,.498,.499,0.9,0.6,9,$875000,Traded,2H/D,murphto04
476,Pat Valaika,28,BAL,90,281,-21,-1,0,-9,2,-28,-2.8,10,-19,-1.9,.468,.482,-1.0,-0.6,-10,$875000,Waivers,46/H3751,valaipa01
477,Austin Brice,29,BOS,0,0,0,0,0,0,0,0,,0,0,,,,,,0,$870000,Traded,1,briceau01
478,Jace Fry*,27,CHW,0,0,0,0,0,0,0,0,,0,0,,,,,,0,$863000,Amateur Draft,/1,fryja01
479,Jordan Hicks,24,STL,10,0,0,0,0,0,0,0,0.0,0,0,0.0,.500,.500,0.0,0.0,0,$863000,Amateur Draft,1,hicksjo03
480,Dan Altavilla,28,SDP,2,0,0,0,0,0,0,0,0.0,0,0,0.0,.500,.500,0.0,0.0,0,$850000,Traded,/1,altavda01
481,Rex Brothers*,33,CHC,54,2,-1,0,0,0,0,0,0.0,0,0,0.0,.500,.500,0.0,0.0,0,$850000,Free Agency,1,brothre01
482,Ross Detwiler,35,2TM,52,3,0,0,0,0,0,0,0.0,0,0,0.0,.501,.500,0.0,0.0,0,$850000,Free Agency,1,detwiro01
483,David Hale,33,PHI,16,0,0,0,0,0,0,0,0.0,0,0,0.0,.500,.500,0.0,0.0,0,$850000,Traded,1,haleda02
484,Shawn Armstrong,30,2TM,5,0,0,0,0,0,0,0,0.0,0,0,0.0,.500,.500,0.0,0.0,0,$825000,Waivers,1,armstsh01
485,Robert Stephenson,28,COL,46,0,0,0,0,0,0,0,0.0,0,0,0.0,.500,.500,0.0,0.0,0,$805000,Traded,1,stephro01
486,John Brebbia*,31,SFG,17,1,0,0,0,0,0,0,0.0,0,0,0.0,.499,.500,0.0,0.0,0,$800000,Free Agency,1,brebbjo01
487,Jhoulys Chacin,33,COL,44,7,-2,0,0,0,1,-1,-0.1,0,-1,-0.1,.498,.499,-0.1,0.0,-1,$800000,Free Agency,1,chacijh01
488,Kyle Crick*,28,PIT,25,0,0,0,0,0,0,0,0.0,0,0,0.0,.500,.500,0.0,0.0,0,$800000,Traded,1,crickky01
489,Maikel Franco,28,BAL,104,403,-20,-1,-2,-8,2,-29,-2.9,14,-16,-1.6,.471,.482,-0.8,-0.6,-8,$800000,Free Agency,5/DH3,francma02
490,Keynan Middleton,27,SEA,2,0,0,0,0,0,0,0,0.0,0,0,0.0,.500,.500,0.0,0.0,0,$800000,Free Agency,1,middlke01
491,Erasmo Ramirez,31,DET,1,0,0,0,0,0,0,0,0.0,0,0,0.0,.500,.500,0.0,0.0,0,$800000,Free Agency,1,ramirer02
492,Kyle Ryan*,29,CHC,13,2,-1,0,0,0,0,0,0.0,0,0,0.0,.498,.500,0.0,0.0,0,$800000,Free Agency,1,ryanky01
493,Ryan Tepera,33,2TM,43,0,0,0,0,0,0,0,0.0,0,0,0.0,.500,.500,0.0,0.0,0,$800000,Free Agency,1,teperry01
494,Tony Wolters*,29,CHC,14,30,-3,0,0,-1,0,-4,-0.4,1,-3,-0.3,.472,.498,-0.2,-0.1,-2,$800000,Free Agency,/2H47,wolteto01
495,Jacob Barnes,31,2TM,18,0,0,0,0,0,0,0,0.0,0,0,0.0,.500,.500,0.0,0.0,0,$750000,Waivers,1,barneja01
496,Seranthony Dominguez,26,PHI,1,0,0,0,0,0,0,0,0.0,0,0,0.0,.500,.500,0.0,0.0,0,$728000,Amateur Free Agent,/1,dominse01
497,Burch Smith,31,OAK,3,0,0,0,0,0,0,0,0.0,0,0,0.0,.500,.500,0.0,0.0,0,$705000,Purchased,1,smithbu03
498,Randy Dobnak,26,MIN,1,0,0,0,0,0,0,0,0.0,0,0,0.0,.500,.500,0.0,0.0,0,$700000,Free Agency,1,dobnara01
499,Jimmy Herget,27,2TM,2,0,0,0,0,0,0,0,0.0,0,0,0.0,.500,.500,0.0,0.0,0,$700000,Free Agency,1,hergeji01
500,Wade LeBlanc*,36,2TM,11,13,-3,0,0,0,2,-1,-0.1,0,-1,-0.1,.488,.499,-0.1,0.0,-1,$700000,Free Agency,/1,leblawa01
501,Reyes Moronta,28,SFG,3,0,0,0,0,0,0,0,0.0,0,0,0.0,.500,.500,0.0,0.0,0,$695000,Amateur Free Agent,/1,moronre01
502,Brian O'Grady*,29,SDP,32,61,-3,0,0,2,-1,-1,-0.1,2,1,0.1,.497,.499,-0.1,0.1,-1,$650000,Free Agency,H9/783,ogradbr01
503,Caleb Thielbar,34,MIN,4,0,0,0,0,0,0,0,0.0,0,0,0.0,.500,.500,0.0,0.0,0,$650000,Free Agency,1,thielca01
504,Kyle Farmer,30,CIN,147,529,-10,-1,-2,2,7,-5,-0.6,18,14,1.2,.497,.497,1.0,0.8,11,$640000,Free Agency,*65/4H37,farmeky01
505,JT Chargois#,30,2TM,6,0,0,0,0,0,0,0,0.0,0,0,0.0,.500,.500,0.0,0.0,0,$570500,Free Agency,1,chargjt01
506,Phil Gosselin,32,LAA,104,373,-7,0,1,-8,-2,-16,-1.6,13,-4,-0.3,.484,.490,0.5,-1.0,4,$570500,Free Agency,753H/4D9,gosseph01
507,Deolis Guerra,32,OAK,5,0,0,0,0,0,0,0,0.0,0,0,0.0,.500,.500,0.0,0.0,0,$570500,Free Agency,1,guerrde01
508,Travis Jankowski*,30,PHI,76,157,0,1,1,-3,0,-1,-0.2,5,4,0.4,.499,.499,0.7,-0.3,7,$570500,Free Agency,8H/97,jankotr01
509,Zack Littell,25,SFG,60,4,0,0,0,0,1,0,0.0,0,0,0.0,.501,.500,0.0,0.0,0,$570500,Free Agency,1,litteza01
510,Jose Lobaton#,36,CHC,6,13,-2,0,0,-1,0,-3,-0.3,0,-3,-0.3,.448,.498,-0.2,-0.1,-2,$570500,Free Agency,/2H,lobatjo01
511,Hoby Milner*,30,MIL,18,2,0,0,0,0,0,0,0.0,0,0,0.0,.502,.500,0.0,0.0,0,$570500,Free Agency,1,milneho01
512,Tommy Milone*,34,TOR,0,0,0,0,0,0,0,0,,0,0,,,,,,0,$570500,Free Agency,/1,milonto01
513,Renato Nunez,27,DET,14,55,-1,0,0,-1,-1,-4,-0.4,2,-2,-0.2,.474,.498,-0.1,-0.2,-1,$570500,Free Agency,/3D,nunezre01
514,Blake Parker,36,CLE,4,0,0,0,0,0,0,0,0.0,0,0,0.0,.500,.500,0.0,0.0,0,$570500,Free Agency,1,parkebl01
515,Spencer Patton,33,TEX,3,0,0,0,0,0,0,0,0.0,0,0,0.0,.500,.500,0.0,0.0,0,$570500,Free Agency,1,pattosp01
516,Jose Peraza,27,NYM,64,154,-5,0,-1,0,1,-4,-0.5,5,1,0.0,.493,.497,0.0,0.1,1,$570500,Free Agency,4H/5D76,perazjo01
517,Jace Peterson*,31,MIL,94,302,-2,2,1,-2,-1,-3,-0.4,10,8,0.7,.497,.498,0.9,-0.4,10,$570500,Free Agency,43H957/16,peterja01
518,James Sherfy,29,2TM,13,1,0,0,0,0,0,0,0.0,0,0,0.0,.499,.500,0.0,0.0,0,$570500,Waivers,1,sherfji01
519,Hunter Strickland,32,3TM,33,2,-1,0,0,0,0,0,0.0,0,0,0.0,.499,.500,0.0,0.0,0,$570500,Purchased,1,strichu01
520,Hunter Wood,27,TEX,0,0,0,0,0,0,0,0,,0,0,,,,,,0,$570500,Free Agency,/1,woodhu01
521,Abraham Almonte#,32,ATL,64,175,-2,-2,0,-8,-2,-13,-1.4,6,-7,-0.8,.479,.492,0.0,-1.0,1,$570000,Free Agency,7H/9,almonab01
522,Andrew Albers,35,MIN,0,0,0,0,0,0,0,0,,0,0,,,,,,0,$100000,Free Agency,/1,alberan01
523,Albert Almora,27,NYM,47,54,-8,0,0,0,0,-8,-0.8,2,-6,-0.7,.483,.495,-0.7,0.0,-6,$100000,Free Agency,8H/719,almoral01
524,Joe Biagini,31,CHC,1,0,0,0,0,0,0,0,0.0,0,0,0.0,.500,.500,0.0,0.0,0,$100000,Free Agency,/1,biagijo01
525,Brad Boxberger,33,MIL,67,0,0,0,0,0,0,0,0.0,0,0,0.0,.500,.500,0.0,0.0,0,$100000,Free Agency,1,boxbebr01
526,Ryan Buchter*,34,ARI,17,0,0,0,0,0,0,0,0.0,0,0,0.0,.500,.500,0.0,0.0,0,$100000,Free Agency,1,buchtry01
527,Andy Burns,30,LAD,9,15,1,0,0,-1,0,-1,-0.1,1,0,0.0,.495,.500,0.1,-0.1,1,$100000,Free Agency,/H4351,burnsan01
528,Carl Edwards Jr.,29,2TM,1,0,0,0,0,0,0,0,0.0,0,0,0.0,.500,.500,0.0,0.0,0,$100000,Free Agency,/1,edwarca01
529,Todd Frazier,35,PIT,13,40,-4,0,0,-1,0,-5,-0.5,1,-4,-0.4,.460,.497,-0.3,-0.2,-3,$100000,Free Agency,/3H5D,frazito01
530,Ben Gamel*,29,2TM,122,400,0,-1,0,-10,-3,-15,-1.6,14,-1,-0.3,.488,.494,0.8,-1.4,9,$100000,Free Agency,/8H7,gamelbe01
531,Dustin Garneau,33,DET,20,68,1,0,0,0,1,2,0.2,2,5,0.5,.511,.501,0.5,0.1,5,$100000,Purchased,2,garnedu01
532,Zack Godley,31,MIL,2,1,0,0,0,0,0,0,0.0,0,0,0.0,.508,.500,0.0,0.0,0,$100000,Free Agency,/1,godleza01
533,Javy Guerra,35,WSN,6,1,0,0,0,0,0,0,0.0,0,0,0.0,.498,.500,0.0,0.0,0,$100000,Free Agency,/1,guerrja01
534,Bryan Holaday,33,ARI,13,34,-2,0,0,0,1,-2,-0.2,1,-1,-0.1,.484,.499,-0.1,0.1,-1,$100000,Free Agency,2/H1,holadbr01
535,Drew Hutchison*,30,DET,1,1,0,0,0,0,0,0,0.0,0,0,0.0,.489,.500,0.0,0.0,0,$100000,Free Agency,/1,hutchdr01
536,Jon Jay*,36,LAA,5,14,0,0,0,0,0,0,0.0,0,1,0.1,.500,.500,0.1,0.0,0,$100000,Free Agency,/7,jayjo02
537,Nate Jones,35,2TM,17,1,0,0,0,0,0,0,0.0,0,0,0.0,.499,.500,0.0,0.0,0,$100000,Free Agency,1,jonesna01
538,Scott Kazmir*,37,SFG,5,4,-1,0,0,0,1,0,0.0,0,0,0.0,.491,.500,0.0,0.0,0,$100000,Free Agency,/1,kazmisc01
539,Joey Krehbiel,28,2TM,0,0,0,0,0,0,0,0,,0,0,,,,,,0,$100000,Waivers,/1,krehbjo01
540,Brady Lail,27,SEA,0,0,0,0,0,0,0,0,,0,0,,,,,,0,$100000,Waivers,/1,lailbr01
541,Ryan Lavarnway,33,CLE,9,30,-1,0,0,0,1,-1,-0.1,1,0,0.0,.488,.499,0.0,0.1,0,$100000,Free Agency,/2H,lavarry01
542,Jeff Mathis,38,ATL,3,9,-3,0,0,0,0,-2,-0.3,0,-2,-0.2,.415,.498,-0.2,0.0,-2,$100000,Free Agency,/2,mathije01
543,Shelby Miller,30,2TM,12,1,0,0,0,0,0,0,0.0,0,0,0.0,.499,.500,0.0,0.0,0,$100000,Free Agency,1,millesh01
544,Josh Osich*,32,CIN,14,0,0,0,0,0,0,0,0.0,0,0,0.0,.500,.500,0.0,0.0,0,$100000,Free Agency,1,osichjo01
545,David Paulino,27,PHI,1,0,0,0,0,0,0,0,0.0,0,0,0.0,.500,.500,0.0,0.0,0,$100000,Free Agency,/1,paulida01
546,Hernan Perez,30,WSN,10,21,-4,0,0,0,0,-4,-0.4,1,-3,-0.4,.459,.497,-0.4,0.0,-3,$100000,Free Agency,/4H3179,perezhe01
547,Oliver Perez*,39,CLE,2,0,0,0,0,0,0,0,0.0,0,0,0.0,.500,.500,0.0,0.0,0,$100000,Free Agency,/1,perezol01
548,AJ Ramos,34,LAA,1,0,0,0,0,0,0,0,0.0,0,0,0.0,.500,.500,0.0,0.0,0,$100000,Free Agency,/1,ramosaj01
549,JT Riddle*,29,MIN,4,6,0,0,0,1,0,2,0.2,0,2,0.2,.537,.501,0.1,0.1,1,$100000,Free Agency,/6DH,riddljt01
550,Andrew Romine#,35,CHC,26,64,-5,0,0,1,1,-4,-0.4,2,-1,-0.2,.486,.498,-0.3,0.2,-2,$100000,Free Agency,6/H41,rominan01
551,Pedro Strop,36,CHC,2,0,0,0,0,0,0,0,0.0,0,0,0.0,.500,.500,0.0,0.0,0,$100000,Free Agency,/1,stroppe01
552,Anthony Swarzak,35,2TM,7,0,0,0,0,0,0,0,0.0,0,0,0.0,.500,.500,0.0,0.0,0,$100000,Free Agency,/1,swarzan01
553,Nick Tropeano,30,2TM,5,1,0,0,0,0,0,0,0.0,0,0,0.0,.498,.500,0.0,0.0,0,$100000,Waivers,/1,tropeni01
554,Asher Wojciechowski,32,NYY,0,0,0,0,0,0,0,0,,0,0,,,,,,0,$100000,Free Agency,/1,wojcias01
555,Brandon Workman,32,2TM,11,0,0,0,0,0,0,0,0.0,0,0,0.0,.500,.500,0.0,0.0,0,$100000,Free Agency,1,workmbr01
556,Jordan Zimmermann,35,MIL,2,1,0,0,0,0,0,0,0.0,0,0,0.0,.494,.500,0.0,0.0,0,$100000,Free Agency,/1,zimmejo02